Id,category
LTExODM2Mzc0ODQyOTc1ODE4NDM=,4
LTUwNDU3NzgyNjE2Mzk0OTU1NjQ=,8
ODU3OTE0MDU5NzM5NDI2MDQ2,14
LTQ4OTE2NDk5ODk4MTA3NDY5Mzg=,2
MjkzNzMwNzkxNTg5NDA1Mjk3NQ==,11
LTY0NTMxOTc0MjIxMjcyMTg4NDM=,8
OTEyOTc1NjM5NjAyMjM1MjE5,12
LTU0ODExMzc4Nzc4ODg2NDIzNDA=,11
NTMyNzg5MzE4ODM4Mzg5NzIzMQ==,9
ODQzOTk5ODA1MDM2NDg3MTM1Mw==,1
Mzc0MzE3Mjk4NzUwMjgxMDIyMg==,11
NzQ1NTU0MzkzNDY2OTcwOTEyOA==,1
MzQ1ODQwNDc2MjQ5NTQ3NDM5OQ==,1
LTU4NzgzODE0OTUwODQxMjkzNzY=,4
ODA3OTc3MzExNTA5MTk3Mjc4NQ==,0
LTQ3NDYyNjg0NTQ1MDkyNTk0MTg=,0
MTY4NDQzODM3OTA0Mjk5NjAyMg==,2
MzMzMTUxNjAwNzk2MTM5NTU3OQ==,2
LTMzOTIzMDk3NzA1OTM1OTI3MDE=,2
LTg0NjM5NzgwMTYxNjQ2NDEzMzM=,6
LTgyMTI2MDQ0ODkyNjQwNzkxMTE=,3
NjkzMzYzNDM3Nzg4MzM0Mjg=,10
Mjg2NTk4NzYyOTY2NDkzMTU3NA==,8
NDk1MTQxMDQ5MTEzMDEzODAzNQ==,1
NzM0ODUzNjQxNjI2MzU3NTg1NQ==,0
LTU4MjE4NzQ0NTM2ODI1OTcwMjQ=,14
LTMwNzQ2NTQ4MTczOTA5NTc3ODc=,0
LTQ0MTI5OTQ0MzExMTI3MDgzODY=,13
NjczMjQ1MTcyMTE3NDUzNjAyMg==,5
LTU5OTIyOTkzMDIxNTE2MjE2OTg=,4
NTk0ODM2NDQzNzA5MjYxOTIyNw==,11
ODIxNDg2NDI1NzQ0NjY0MDIzNA==,11
LTI5MjE0NDczODM2MzczNDQ4Mjc=,3
OTkyMzIyNzAxNTYyMDAyMTkx,0
LTUzMzczMjE1NzUwNDMzMTM2ODE=,2
NTk1MjIyMDc0MDk1MzkxNjcwOQ==,3
NTgxNTc3NDU2OTE1MDc0MTg4NQ==,5
NzQwODk2ODc4NTQ0Njc4MjA5MA==,0
MzEwODYzMjc5MjkwODA0NDA2NQ==,14
LTEyNzgxNjU3MDg4MTcwNjExMDg=,14
LTkxODg1NTM2ODU0NDU0ODQ0Njk=,13
Nzg1OTQ2NDA5MjU3OTQzMzI2MQ==,2
LTc1MDMwNTg5ODYwOTU5OTAxMTc=,7
MTk2NzA4MTI2MjM5ODQ3MDQ1Mg==,8
Njk1NzAyNTU5Nzg4MTkxOTcxNw==,14
LTYzNjAwMjQ4OTMxNjA0NDg0Mg==,14
LTY2MTAyMDYyNjc5ODk5MDIwNjY=,5
NDEzMDU5MDE5NjM4ODE0Nzg3MA==,14
LTc2ODE2NjYwODA5NDAwNjAzNDU=,10
MjMxNjQyNTAzODQwNTgzMzgxMw==,1
LTQyMjU1NDM2MjMxMTg0MjM3ODY=,4
MzkyMjcyNDk5NDIwMDY5MTU3OQ==,2
LTg5MzExODAxNzM2MzQyNzU0Nzk=,5
MzU4ODIwNDk2OTkyOTIzNjM5NA==,5
NTUyNTgxNTcwNDk0NDgzMTY4MA==,0
NzExOTAzOTQ2MDQ3NjM0NDU0OQ==,1
LTE1OTQ4NDE2ODc5MDc4NzAwNzY=,8
MzU5OTg4MTQ0OTYwNDUxNzMwMQ==,12
LTYzNzU5MzcwOTg4MTQ0MDAyODU=,14
NjkxMjAwMjMxNjczNjM2NTQxNQ==,10
NTAzNjI4MzcyNTk3Mjk3MTgyNw==,3
ODI1NDI2OTkzODYyMzA3MzE5Mg==,7
NDUzNzk2MDkxMjY3NzUzMzU0Mw==,12
NjYzNTk1Mjg2NjEyMjQ0MzEzOA==,10
MTczNjIxMTMyNzI5Mzg4ODI=,13
ODc3ODE1MTQxNDE2NjU2MDAw,7
NzE1NTQ4MzE1MzA2MTU2MjY2NA==,13
LTU5OTE0MDk3MjgxNzQwMDc5OTg=,2
LTI4MjAyNjg4Mjk4NzQ2MTg4MDc=,9
NjM3MzExMDgxOTE2MTkyMjAzNA==,12
LTIwMTA2NjU0ODU5NzY1NzkyMjA=,11
LTU2MzQzNDAwNTA3MzUzNTg2NjI=,0
NTAzNTk4NjMyNDM2MDU4OTM5Mw==,9
LTg3MDcyNDE0MjkxNjAyNTY2MjU=,9
LTY2ODA3NDU1MDY5NzI5MjAxNTg=,14
NjAwODI3NjM5NTcwNDE3MjAxMA==,13
MTE2NTUwMjUwNTk3OTYyODI=,14
ODc3OTQwMDY4MjcwMjcxMDM4MQ==,7
MTc5NzIwMzIyMzg3NTQwMzgwMQ==,1
NzE5MjM4Mjg5MTQxMDkwNzMxOQ==,2
LTIxMjA2NjAyNzg2NjUxNzE2MQ==,13
MzM5MTk1MTk2MzExODU0OTE4Ng==,5
LTQ3MjM0MDA3MDg2NDQ3NTk2Njk=,12
LTMwMzQ0NjMyMTIxMzE2ODAyMDM=,14
ODk0NjY4MTc3NzA1NTM0ODA5NA==,3
LTc4NTQyMDE2NzM4MDI1MTU0OTc=,7
LTQ1ODcwNzM2MTczMTI1Mzg0NDI=,4
MTM0NzQ1MjE3OTIzODA2NjIyOA==,7
LTM5Nzc2OTUzOTkzNTQyNjc1OTI=,11
LTczNzU3MDk1OTk0ODU2NzM1NDU=,0
ODY2MDg0MDM4NjA3ODU4NjkzMg==,2
NjYyNjA1MTMyMjk4NjQ2MzM0OA==,4
LTMwNDk3MTc5NjQ1NDY0MjAzODA=,11
LTY4MzA0MTYyNTEyMTEyMDA5NQ==,0
LTI0NjE3NDYxOTU0MTk0OTYzOTY=,4
NDYyNjQzMDQ0MzQwMzIwNDkzNg==,9
LTYwNjg4NTEyOTYyMDAwMjE5MjI=,8
NDQxOTg5NTE2MjkwNzkzNjI2Mg==,1
MzM0ODc3NTg2MDQyMjQ2MzE3NA==,1
NDY0MzQ1NTY4Nzk5MjA3MTU5Nw==,3
LTcxNDE1MTk0NjIxMzA1NTY3Njg=,2
NjY0MzI2ODk2Njg5NjYzNzk0MQ==,10
NTE0MDU3NDI2Mzc1NzEyNDczMg==,1
LTUxNDAzMjU0NjUwMDc1MzEwMDU=,2
LTI4ODc5NzQzNDU4OTMxNDM3MDM=,2
Njc4NTU4MjAwOTkwMjc2NjI4OQ==,13
LTYxNjk0MTE3ODEzMTg0MDM0NTc=,1
LTU2Njc0MTQxNTgwMDE2NzM5NzE=,4
LTU1MjQzMjEzMjE0NjA2MTcxNDg=,0
NzE0ODUxMDU2Njk4MzE4NzUyOQ==,1
NzcyNDEzOTk4MzA3NzEzOTg2OA==,12
NzgwNDEwNTg3NjYxODA3OTMxNw==,1
NzY5NDQxNzM5MzIzNDQwNzg4NQ==,13
LTc2NjM4NTIyMDczNTc0MDYwMjE=,9
NzQwNzc2MzMzMzQwNjY3NTE2MA==,3
LTc2ODQ1MTY4OTQ4MzA3MDkxMDQ=,3
LTY2MzE5MDY1MTUwMzU3OTExMjc=,14
LTc4NTYxNDYzMDA5MjEwNDI=,6
Mzg2MjUwMjEwNzY5OTYxOTcyNw==,6
NTUzODM3NTg4NTQ4MDA4MTY4MQ==,3
ODY4NTA0OTYxODE5NjU4NDgzNA==,4
LTcwMDkzMDQ4MTM1NDQ3OTE3MA==,1
LTUzNDUxMDE4NDQ3NDQ3MzgwMjA=,2
MzA1NjUyOTYzODAwMDcyOTMwMQ==,1
LTYwMDQ5ODA0NTcwNTQzNjcyODI=,5
LTQ5NDkyMDgyOTM3MzczNjk2OTE=,10
LTYyMjE3ODMyMzYwOTAyMDE5Njg=,8
ODg3NDczMjA1OTczNTU0ODAwNw==,3
OTE3OTk4MTU1Mjg4ODIzNjAzMQ==,11
NzIyODkzNTg1OTc4ODI3NjIxMw==,1
LTE1ODAzOTY4MjA4Nzc3MzUzMDQ=,10
LTI5MDcyOTk3OTczNjI2ODQ2NzE=,12
MTQ2MTAwMzkwNDI2MDk1MzMxNQ==,5
Njg5NzE2NDMzODExNDAxMzc1Ng==,0
MzA2MTY1MDE4MDQwNTg2MzI4,0
MTE3NzIyMTY0ODg2MTIwODY2NA==,8
LTQwNzEzMjE0NDc2MTE4NTA4OTU=,6
NDY5MzQ3NDIyNzg1MjUxMTU2OQ==,8
LTIyOTc5Njg3NTQ4OTMzNDY2NjY=,9
ODA4NjAxMDE4NDA1NDY1MDA4Ng==,1
NTA3NTgwNjk1NzAzODAyOTU0,6
LTU0NjUxNzIwMTA2MzA1MTUyOQ==,11
NTQ5NjEyODY5MTQ3ODQwNTQwNw==,5
LTIxMTAzOTY1NzQ4MjQxMjI4Mzg=,10
NzY0NzgzMzcxODY3NDIxODY3Ng==,5
LTUyMTQ0Mjk2MDc4OTQxNDA2NzA=,8
LTU1MjM1NDkzNDc5NTkyMzExMTg=,9
LTU4MDQ3NzY4Nzc5OTQ1NTE2Nzg=,11
Nzg2MjM1NzY0OTYwNDU5MzA4,9
ODYxODM2NjkyMjMwMjcxODAyOQ==,14
LTIyOTkzNDY2ODkwNjc0ODg5MTM=,1
MTYwODMzOTM3NjIxNjY3MDcyNQ==,2
LTIyNzU3NDE5NjgyNzg3NDg0OTU=,12
Nzk1NTM2NTIwMDQ5ODY2NTIyMQ==,13
LTM4OTU0MjY4OTAzNzYyMzMwMw==,8
NTcxMDgxNjAzNDM4NjMyMjAwMA==,5
Nzc2MTA3NzQ0OTgyMDQzMDI4MA==,12
MTI2NDM1MzcwNTk3MjA4NDcwNA==,13
LTgzMzExMDY3OTc4MDQ2MTQ2Mzc=,6
LTgxMzY5NDQ3NDQyMDExNzI3NTY=,8
LTYwOTcwNTI2NjAwMzkzMjk5Mzc=,0
LTc2MzY5MzU5MzE4NTc2Mzc2MzQ=,10
LTc3NTgxMDgwMTI0NzI2OTA5NDc=,11
NjY0MTc4NDI4MTk3MjI3OTEwMg==,3
NjM1NTU0NzI1MDIwMDkyOTE4NQ==,4
LTE3ODYxNTczMDk1Mzk5MDM4MDE=,1
ODgyMDMwODMzNjYwMzM0MzMzMA==,7
MTIzNjQzMDk1NjgwNTAzMDUxMw==,14
MTY1MjA4NTE0MjU2NDE5MzY5MQ==,3
MTQ4MTgwOTM2MjcxMjI1MTY5NQ==,3
LTE5MjY0MDQ4NzQzNzk5MDMzNTc=,10
MTg5NTExODM0NjA2ODEwNTM4Ng==,9
Njg1MjU2NjA4MDMzNjM3NjkzNQ==,10
LTY2Mzc1MjIzMTA5NjU4ODA0Mw==,6
LTU1ODEzNTcxMzc1OTIwMTMwMzk=,5
MTA1MDkzNzUwODQ4NDA3NjMzOQ==,14
LTI1ODc2NjY4NTM1OTMyOTQzMzE=,10
ODE4NDQ2Mzg4NTY2NTk2NzQ5OQ==,4
LTY3OTE2NTg3MjE1NjQ0NjM1NTg=,9
MTAyMTMzMjAzNTYzOTIwOTcyNg==,4
ODI0NTcxNjg3ODg1OTU4MzAyOA==,1
NjI1NzQwODk0MzI4MDA0NDk1NQ==,13
MzM3Nzk3MDc4NjAxMTkzNTk1Nw==,4
NTcwNzE2NjMyOTMyNzg1MzU2MQ==,6
NzUzNzQ1MzM2NDY2MjU1MjUxNA==,9
LTcxODU2NDY5OTk4MDU2MDU3MTA=,9
NTc4MzE3NjgzOTMzNDMyNjkwNQ==,6
LTY0MzU0NTEzOTIxNTIwNjA0NTM=,8
NzUwNzU0OTU5MzE4NTUyMTEyNw==,4
Nzc0NDY2NjQ0MzIwODIyOTg1MA==,13
LTI0NzU0NDA2MzAzOTIwNTEzMjg=,6
NzM3MjEyMzI3MjY1NTYxOTY5OA==,4
NjEzOTg0MTg0MTE2MzIzMTYzNg==,13
LTYyMjk0OTUwOTg5ODQ5OTQ0MTk=,13
MjM3NTMwNzM5MDY4NTIwMDU4,9
MTU3OTMyMjU1MzkzMjA4Mzk0Nw==,11
NzEzMDEyMjYyNTc4OTg4ODI3OQ==,9
NzYzNjA1NDAzMTI0MTE0ODg3NA==,1
LTM5NjA5OTE1NzU3NzcyMjAzMjE=,11
LTI5MjUxNTgzODUxODA1MjY2MTc=,8
MzM0NDI2MzMzNzE5NDYxNDUyOQ==,8
MjcwODk3NzY3MTA5Mzg1OTY5Nw==,2
NDIyMjczNzUwNDUxMjAwNzM3NA==,11
ODQ2OTIwMzcxNDEyOTg4MTI1MA==,10
MjUyNTY0ODUyMTE4OTI1MDI4Nw==,1
LTMyNDc2OTI0NjUwNTEyNDU3MTQ=,10
MjY0NzI1NDM3NzE4Nzc0MDUyMg==,12
MjUzMDczMjA5MzUxNTY3MjQwMg==,9
LTExMzk4NTg0Mjg0NTU2MDg4MTU=,5
LTE2MDQ3OTYwMTU3NjY0MTE4NDQ=,9
LTUwNDQxMjQwOTEzMDEyMDI4MA==,5
LTIzNDIzNzY2NjM1ODUwMTMxNTY=,5
LTY2NjY2NTk2NjUxOTkxNDE0Nzg=,0
NTQ5NjAzNjkwNzEzODg3NDI4,9
MjQ0ODUxMDU5MDI3MDEyMDE3Nw==,1
LTE5MjEyOTMyNzA1NDAxNzY2NzY=,10
MzgzMjMzODYxNzM2NzIzNzI0,7
ODIzMDQ5Njk4MzQ3Njg0NTYzMw==,3
LTkwMTc3NzYwNTExNTUwNzY0Nw==,11
MTMzNjMxMTMxODEzMDk0NjAyNQ==,5
MjYxOTUzMjk0MjQ1NDIzNjQ4MQ==,10
MzMwMzk1MjMyOTEwNzIzMDMwNQ==,13
MzY1NzY1NTE1OTc2MzA0OTc5Mw==,4
LTMyNTAxMDg3ODkzMTM2NTMwMQ==,6
LTUzOTkxMzg0MzM2Mjc3MjAwMjc=,9
LTgwNzYwODgwMDc2NTkyNjA3NQ==,6
NzAzNDMzMDU2MjU4NDkyODAwNg==,6
LTkzNzU4NTgyMjY0MzE4Mjk0Nw==,11
LTUzNzUxODgxMzg0NzQ0ODAwNjc=,8
NjA0MTczNjQ1OTg0NTM3MDcxNw==,12
LTE0ODE0OTczMjAyODUzNzkwNzA=,8
MjMxNjE0Njk0MTgyNDQ5MzA5Mg==,14
LTg5NDQ2MDMxNTU2MDg0NTM5ODI=,13
MzMyNzg0ODg2ODg2NTY0OTIxOQ==,2
LTM1MDYzNjQzNzExNDU5NjkyMTE=,6
LTI4NzM1NDk4MDM2ODQ0OTY3OTk=,7
ODg3ODAyMDkxODA2MjkxNzcxMQ==,11
LTE4OTA2NzI3MTEyMzU3MjU5Nzk=,10
LTYxMjc0Mzc1NjkzNDM4MjExMzg=,1
LTczNTgyODQ0MzM0MTA0NDU4NDQ=,4
LTIzMzI2MjI5NzIzOTE4NzYxNzA=,8
NDU4NjQzNDM5MzIwMjIyOTk2OQ==,10
LTI1MDU4Njc0Mzc2NzkxODQ5NTM=,1
LTI2NjY2MTE5OTcxMDkxNjY0NzU=,10
ODM0MjEwMTc1ODM1NzI5ODc4OA==,1
NzAyNDUyMDQyNDE4MDM2NjM3,0
LTYxNjgzMTY0NTYxOTM3MzkyNzA=,4
LTQwMzEyNjEzMjM0MDg3MzYyNTQ=,5
LTU5OTc1MzM0OTU3MjQ1MjkzNDM=,2
LTg2MjA3NzAyNDE2NDI5NTAzODM=,10
MzEzMjQxMjc4NjgzNzIxNzkwOQ==,14
LTQwMjg1MTI3MDg2MTg1ODA5NDQ=,1
LTM3MzI2OTI3OTI1NjI0OTI5MzU=,0
MTQwNTg5MjA2MjIyODk1NTcwNQ==,2
MjgzNzUwMDg5NzYyNjY1ODU4Ng==,5
NDA4NjA5OTI0NjE1ODUyNDY1Mw==,8
LTM0MzU0NTY1NTM5NTI4NjUyMjk=,4
LTc4MzMzNzI1NTE5MzQ3Mzk1MzM=,1
LTUyNzY5MDQ0NjA4MjQzMDkwMDk=,3
LTg3ODczMzA4NjU0NDIxNDIwMjE=,12
LTc5MTUyNDk2MTA4MjQzMjYwNzE=,7
LTUwMjk4MzA2NjAxMzU1ODg1NDE=,5
ODQ0MzUwNjQzODQ3MTY5NTkzNQ==,9
MTAwOTk2MTMzNzU2NjkzODY1Ng==,14
NDgyMDEyNTQwNzg4Mzk0NDA3MA==,1
LTU3Mjg2OTE5MjgyNDkzNTUxNjc=,5
ODc2NTYyMjUyMTAzMjM1NTQwMg==,5
LTMzMzg4NDEwNTk2MTU4MzE4MjI=,13
OTE5MTU3Mjc1NDQ1Nzc1NDg5,3
LTg3Mzc1OTE4MTcyMzMwOTU3MzQ=,4
LTI2ODU5MjM0MjE1MzI0NTI2Ng==,14
LTQ0MzgyODI5NTk2NjQzOTE1MDM=,2
LTU5NTU3MTkxNjEzOTQ5OTU3OTA=,11
LTgzMDAyNDg5NzIzMDU3MTEwNDY=,5
LTQwODM0NjIzMDEyNjIxMzgzMzQ=,10
LTUyNTk1NzI2ODczOTQ1MjU1ODM=,14
LTg2MDMzMDc3MDkzMTc3MTkxMTc=,14
NTg0NDE4NTMwMTUxMDMyMDc2Mw==,7
LTYzNzQyMzI5NjA1MDQzMDYyMzE=,8
Mjc4NTU5NDczNzYwOTk3NDYxNA==,1
NTUxOTMwMTMxMzgwODMwNzY0Mw==,2
NjU0NzQ2MzU4Mjk3OTkzNDQ2NQ==,6
LTIyMDE0Mjk0MjE1MDE5NDYwMzM=,8
LTEzMDg2MTY5NDg1NDc0ODQ1OTQ=,11
ODkyNDIwNDE4ODA4ODMzMjgwOA==,10
LTE4NDM5NTk2NDQxMDg2NTQ1OTI=,4
NzIyNTA2MjYxMjAwNjAzNjU0Ng==,1
NDg1NzY2MjE4Njc3NTY4Nzk2,13
NTE0MTgzNzQ0MTY4ODQxMjcwOA==,11
LTIzMDg1NjAwNjU2NjYzNzA1ODk=,9
LTgwNDYxOTUxMDE4NzA0OTA1ODY=,2
LTMxMDQ2MDk0MjU2NzgxOTY3NTY=,14
NzM4NTY3NzU1NTQ2NzgxMDM4Nw==,1
OTEyMzIwMjI5NDY1NjY4MzY2Mg==,0
LTUwMjI3MTE3MDMyMTE0Mzc3MzA=,13
MzkxNjQwODc5NTM2NzMxNzE5NQ==,13
NjYxODQzMTQwMzI2ODI5MTA5,12
LTM3NjczMDcwMDk3Nzg1ODc2ODk=,11
LTU4ODE4NzA2NzY0NjMzODM4MzE=,5
LTkwNzYwMTk2MjE4NTIwMDg1,5
NDI5Mzg1NjQ5ODM2MzI3MDQ5Ng==,3
LTg0MDgzMjA3NjMyOTU3NzYyOTY=,9
LTQwNzg3MDkxMzUwOTQxNjAwMDA=,11
Mzg3MDQwODg0MjU3OTYzMDI1Ng==,0
NTgwNDMzNDc0NjQzMTA2ODQ1Mg==,4
LTE5MzQ3NzU0OTY0MzIyOTk3Njc=,10
NDkzMjA2NjUyMTU5MDEwMTE2MQ==,8
LTU5NjE1NTkyMDA2Mjk5OTY1MTM=,0
NjMxMjQzMjc1NjU3MTc2OTAyNA==,2
LTE2Njk1MjgxMjI2NTg3NTA5NzY=,12
Nzc4NzAwMTgxNjE1MTQ3ODkx,5
MjM0MzE2Njc1NjIxMDA1MzgzOA==,0
NzAyOTQ5ODI5NTU3NjA4NDg0Ng==,14
ODc1NTYyNDg0NzM3NzA3NzkyNQ==,13
NzU3MDgxMjY4OTQyMzY2NDE2Ng==,12
LTIzMzA5OTM2MDQ5NTIwODI1NTU=,13
LTI4Nzc2ODUyNDk4MzA3NzIwMjc=,1
LTU0MjAzMjQ4MTU5NDQ3MzMwNzc=,6
LTE4MjcyNTE4Njc3NTcxNzcyNTQ=,2
ODU5Mzg4NDk3MTQ0OTUyNDA5Ng==,4
LTMxMTQwMTU1MTEyOTk0NDk3OTQ=,10
NzQ0MDI1ODc1MzE2MzUzMjAw,2
NjAzMzk5MDA5Mzc3ODY1MDAwMg==,12
NzgyMTYyMTM1ODYwNDM3NTc2,3
NjkxNjA4NDgzMDcwMzA5ODE0MA==,6
NjI4Mzk1MzI4MTIzNjkyNjky,14
MzAwMTQzNDQ3ODAwNTk2MzgxMw==,2
LTIwMTgxNDg0MjU1MDExNDE4Mg==,9
LTQwNDczNTA3NTEwNzQ1MTIyMw==,5
MTkwMzMwMTU1MDE5NTEwMTI5Ng==,8
ODk4NzkzMzc1MTExNDAxNTU3Nw==,14
MzgyOTI0MDM0Njc4ODc3OTYwMw==,8
NjM3MDk4NzE3NDA3Nzg0NzE2OQ==,12
NDU0ODE2OTIwOTg2MzQxNjI2,3
NjA3NjQ4MjI2ODEwNzk0OTg5Mg==,5
LTU2NTQwNjI1NDYzNDIwNzYzMjU=,8
LTkxMzE3MTkwNzk3MzI1MjUyODI=,5
MjE3MjU2NTcxNTk5OTc5NjgzMQ==,1
NjcxNjM5MTU1NDc5NjUxNzMyMg==,13
LTYxMjY3MDcwNDc2OTQwODk3MjQ=,12
LTg4ODAyMzQwNDA0ODY4NTEwNzM=,9
LTg5MDMyNjk2NDgzNDMzOTE0MDk=,12
ODk1MzkxOTI0MTEzNzU2OTAwMA==,0
NTUzNTc3Mjg3MTQ0NjMyMTgyNg==,13
LTczMTMwNzgzMjkzNTc2MzM5ODU=,12
LTc4MjMxMTUwNzkxNDYyNTY3MDc=,0
LTM5NDM0MTg2NzE1OTcwNDI1OA==,9
LTQyMzAwMDAzMzE1NjEwMTE4Mzg=,5
NjIzMzc5NTIwMjYwODE4Mjc2NA==,3
LTc2MzYyMzQ0NzMyNTc4NDAwMzc=,1
ODE3MTM2NjgwNDU2NjA2MDEzOA==,1
MTg3ODM4OTg1OTUzNzk3MzY3Mw==,7
LTg0NTQ0MTg3OTQ3NzEzODAyMTc=,12
MzAyODgzOTkwMDYyNTQ0NTk2OQ==,13
MTc2MzI1NzQxMzk4ODg2MjUyMQ==,6
LTYwNzA1NTkzMjUzNDM4MDA1NzI=,9
LTMxMzM0NDI5NTg1MTg2NTQ4MDM=,11
LTQ2MjI2OTkxMzE1MjI1NTgyMTY=,11
NzkxNDAyMDU3MTc2ODgyODU4NQ==,12
LTQ3NjcxNTA0NjI4Njk3ODMyNzk=,2
MzUwNDYyNTE4NzE3MTYwODg4Ng==,11
LTc1MTQ2MDYyMjgxNjQ3MzE5NjQ=,14
NTYyNzU2NzM2MjE4Njc2OTg3,1
LTUzMTI3NzA4MjM1MDkyMzI4ODY=,11
NTY2MTI3MDc5NDM4Nzk5MTAw,6
MjEwMzU4NTkzNDM5OTcwOTUyMg==,1
LTg0OTIyMzA2MDIxNDIzMDQ0MjY=,11
NTYwNDYyMDAwNDY0OTIzNzMwMQ==,1
LTQ2NzM2OTU2NDc2NDExMTUxMw==,5
NTA2MTkwMTU1NjkxODA2NDkyNQ==,1
LTU2NDYyMjcyODQ2MjE0MzcxNTQ=,13
LTM1MTMxODYwODkyNjk1MDEwOTA=,6
LTQzMjMwNDc4Njc4MjQ5MDI2MzM=,3
Nzk4NjEzNTA0MTQ1MTI3MDUyMg==,12
MTcxMTA3Njc5MTUwODg5OTIxNA==,7
ODA4Nzc5NDYxNTM5ODkwNTQ3Ng==,14
OTE0NzQ3MDI5ODg0MTI0MzA3NQ==,5
LTQ2MzM2MDEyNjQyMjU5OTk0NDk=,7
NTY0MzMyODM5MTA5NzQ5NDQ3Mw==,8
LTI2ODk5NDE0NjU3NTM4NDc0MzE=,4
LTg2NTk1MTE2Mjc0NDk0NjM5MjQ=,7
Mzg3MTAzNzI1NzIzNzM1NTkwOA==,0
Mzc5MTMyOTcwNjE2NTU5NjU5OA==,2
ODAwNzk4NTM5ODQ0ODM3MjIy,11
LTQxODQ5NjAzMDQ4MTM3NDMwNDg=,7
LTI1Mzk5NTcwMTU2NDk3MzgyNDI=,0
ODkxOTAyODM5MzU2MDM2MTA0Mw==,13
MjgyMzIwMDgyNjc0NzI0MzAy,4
LTQ3MzI5Njg1MTkxNzU3MTYwMzQ=,6
LTY1MDc2MTUyNjY5NTMyODQ2NjE=,14
LTQ0NzI1NDQwMjk2NTg5NDIwMDA=,4
LTcwMzgyNTg4NjUzNzU5NTU1OTI=,11
LTc2MTEwNDMwODM2Mzg4NTQ5OTA=,0
NDE2MTU0MjE5NDUwMjU0NTU2Mw==,9
LTU5MjMzMTY1MjAzMTI5NTMyODI=,5
LTkxODI3ODg0MzA5NjkyMDA2NzY=,13
LTE4OTMzNTE3MDQwMjA3NjY0Mg==,11
LTUyNDE1NDQxMDY0OTU5NzUwNjQ=,4
NzkyNDkxNTM0MzY2MDA0MDgzMQ==,11
LTEyNjI3NDEyMTQzMzU4MTkwMzk=,13
LTI0MTg5MDc2MDE0NTU0ODUyNTM=,7
LTk2NzQ1MDA4NjE1MTQ2NTQ5OA==,1
LTM0ODA4NTU0MTIxNDg2ODc1MTM=,13
MjcxNjY1MTg0ODU0NTc1NjMy,9
LTMwNjQzNTU0NDYwNDM2MTUyNzA=,5
LTI1MzI0MjQyNTgzMjQ0MTk3MTQ=,10
LTIyNjIyOTk0NTg2NDU2MjA0NDM=,12
MTA2NTUzNzU0MTg2NzgxMTkxMw==,5
LTI4MDg3MzcxMTY1ODk5NDg1NjQ=,10
LTM4ODgyMDkxNDYzNTEzNTk5NjM=,10
NzkyOTY2MDk0MjYzMjA4ODk3Mw==,14
LTQ1OTUxNjA2MDgxMDQ5NjMzMjU=,0
NjYwNDQwODE2MTQxMjA3MzY3,10
LTE2ODMyMTE3MjM4NzE3ODc2MTk=,0
LTY2ODc2NDg1MzQxMDM0NzI5MzA=,14
NTI4ODM0MjU2ODE1NjQ2NDI3MQ==,4
MzU3ODc3NTAyNjM3MTk2MzY1MQ==,1
Mjg2NDEzMTMzOTQxNDUyMzc2MA==,4
LTIzODU4NTMyMDkzNDgxMDI5MzE=,0
MTUyMDEyMDI2NTA1MzI4NzA2Ng==,8
MTIyMzUzMzYzMzU4NDUxOTQ4OA==,7
LTIwOTYzODUxNjkyNDA5Mzg4,7
LTU4NjE4NTI4NTU2MDk4NjgwNzY=,8
LTY1MTMyOTU2NTcyODgzMTM5ODI=,6
LTM2MTc4MzA2OTgwMjE1Njk0Njk=,7
LTkxMDA1MzM4NDYxODY4NDQxOTc=,8
LTY4MDUwNzEwNjY0ODkwNTIwNjM=,13
MTc3MTQ0NjI0MzUwOTU5MjQ4OQ==,5
LTk3MjUzNzM5NTExNzIxNDQx,2
MTkxOTQyMjY4MTA3MzM0NDQ1,6
NDU3Nzg5NzA3Njk5NDY3NzAzOA==,13
LTIxMDEwMTEwNDk2ODY4MzM4MQ==,6
LTYwNDA0OTM5OTQyMjk5ODIyODc=,10
LTg0ODcxNDk3NDg1NTk2NzA4MzM=,7
LTY2ODE5OTg5NzQwMTI3MzY3OTc=,4
NTkxNDAxOTEyOTkwMTAwMzc3Ng==,9
LTE5ODc2OTY5MzQxNzcwMTE2Mzg=,6
MTI5MTMzOTQ0MDE2ODM2MzkzMw==,4
MzIyNTAxMzIzNjgwMDkwMzI3Nw==,9
LTE1Nzg4MjM4MzQ4MTA0NDk1MDQ=,4
LTM0ODQ0Nzk5MDE2MjgyNTI0NjQ=,0
NDA1MzI1NzExMTY0MzExNjQ3NQ==,1
LTU5MTk0Mjc3MDYxODcyMDU4OTE=,1
NTM1NTY4NjA0NDgyNTQ4NDM5,6
LTY3MTI3OTI2MTkzOTI3MDUzNDM=,9
LTczNjQ5ODQ3Mzc3NjIyNzgyNTI=,4
LTYyNzIxNTMzMzEzMTM3MDM3Njg=,2
LTg2NjU4NDQwOTM2NTMzODkxMDY=,4
MTk1ODAwMzM1MzczMjU0OTgzMw==,6
LTY2NjUyMjc3MTc4OTYwNTQ5NzU=,8
LTE5ODczNDQzNDU0MDUxMDQzMDU=,7
LTMxNDMxNTYyMTU3MDA3NTYxMzU=,0
LTc0MjUzODY3NjQyNzMxNDA5NDc=,9
NjEyNDM0NjEyMTk1NDM5NDQ4Mw==,9
Mzk5ODE2MDA5NTA5NDkzNTU2Mg==,11
LTQwODA1MjU4MTQxODI1NzUyNzM=,5
LTYxNTQxOTEyMDMzNTMyNTI5Mjc=,1
LTM0Mjg1MTMwMzU1MTczODI0NDU=,12
LTgyNjA3NTQzMDYwNjk0NDI1MjA=,13
NTkyMDA0ODAwNjYwODg5MTI1NA==,8
MzgzMzU0NjM3MzY3NDA5MDAw,1
MjEyMzA0MzQ3MDUyMTI2NTcxMQ==,0
Mjk0NDIyMDY0NjIzMzg0MDg2OA==,1
NTgyNjY2MjA2MDQ2NzA4MTUwMg==,13
LTQwODY4NTYzNjY3MDMyMzgzNzg=,13
LTM4MTk0OTY4ODIzMjQ2MDk5ODE=,8
MTY4MTg2NjYzMzI3OTc1NzIxNQ==,2
LTIwMDk1MDg0Njk4MDIxNTQwMTQ=,8
LTgxNDk3OTQxNzY0MTkzNzMzNTQ=,7
LTMxMzM0MTA0ODUwMjU1ODc3OTE=,2
ODY1ODIyMTQzNTQ2MTc3Mzk2Mg==,9
NTI4MjE4NzAwOTQzMDQ1MzU2MQ==,14
LTgwMTAxMDc0OTIwMTAyNjIzNTY=,7
MzcyMjgzMDYzMDIxODY3NDE1Ng==,1
LTMxMTI3MTc1NTQ3ODU1Mjk3NzM=,4
LTM1MTMwMjE3MzY0MzExNzUzNzU=,9
LTQyODY3MjE0NDIxNDE5ODgwNjk=,11
MjA3NjgwNzA5NjkyNTkwMzI0OA==,11
MzA5OTM5OTY1OTY0Mjk2ODY1MQ==,13
LTYyNDU2NDk4ODkzMjgzMjk4NTU=,10
LTYxNzIwMDUyNzI0NjI4NjYyODE=,5
LTExNTM1OTY5NTU3MTk3MDQzNQ==,0
MzMzMjY5NjIwMDYzNzMyMTA3Mg==,2
LTEzMTcyOTczMDMwNzcwODczOQ==,7
LTU0Mzg5ODAxMTYzNDQzNTQ3ODI=,13
LTI1NDQ1MjAzMTA4ODk3NDcxNDY=,7
Mjk1NjY3NzA0NTI5ODQ1MjIwMg==,6
MjQwNTc1NzI5Nzg2MjE3MTUzMQ==,5
NzExODAzMjczNjY1MTA4NjczNA==,6
NzUyODMzMjU5NzEwNTczMzQwMQ==,13
LTkwNjc1NjQ1ODgwMzEzMTkzNTk=,5
NDIzOTUxNTQ0Mzg3ODM2MTc0Mg==,4
MjM0MjMyNTAxNTAxODQ0NTc3MA==,9
LTQ4NTMzMDA2NTM3ODAyNDUyOTI=,7
LTY4MzQ5NzgyNDcxMTk3NDQxMDA=,3
Njc0NDgzMDI4OTY2OTg5MjQ5OQ==,9
LTEzNTM3NzQ0Njc2ODU5ODY2NDg=,2
LTMxOTczNzMwODczMDgwMDA1NDI=,13
MzI0MTI1NDg5MTc4Njk4NTY4NQ==,6
MzQ0NzEzMTA1OTM0NzEyODcwOQ==,9
LTg3NDY3OTY4OTYzNDAwOTcyMjM=,0
MzM0NDA3ODczOTU3Njg2MTc3MA==,13
LTU3NjA3NTE3MDc5MDc5ODQ2Nzg=,6
NDE4NjUwODkwMTExMjQ4NjExNQ==,2
NDI4OTE2NjE3MTI4NDg5MzEzNg==,13
LTg5MTMwNTEyNjM2MDc4Nzc1NDc=,12
OTQ5NzI4NzYyMjM4ODU4NjY4,3
LTI0OTcyODk3NjU0NjE4ODMx,3
LTYwODYwODA5NzkwMzYyOTAyNzY=,9
LTU2OTQ3NjYzNDc4NDEyNTQzMjA=,14
LTk1MzAxMzI2MTM3MTEzMzk5OQ==,6
Njc0NTYyMjg0NTg4Njk1MDkzNA==,3
LTczNjYwNDYzNTE3NjMwMDM2MTc=,3
LTI0ODc0Njk4ODYxNjk0OTI2MzQ=,2
LTI4MzYxODk2NDk2MjIwNjU0Nzg=,5
MzA5NzgxMjE1Mjk2NzkwMjQ0NQ==,7
MzY3NjY2NTA3OTQ2MDIyMTExMw==,14
NDIxOTkyMjczNTU2MjQxNDE1Mw==,0
LTM1Mjg4Mjk5MTA4MDE0NTg4NjY=,14
NTM1MzAxNzAzMzIzMjgwMjk2OQ==,13
LTM5MDUxMjc4OTU1NTg4NzU2NTg=,7
Mjg5MzA0OTkyNDI4OTU1NzIzOQ==,11
LTYyNjQ4Nzk1Njk2MDAzMzU4NDM=,14
LTcyNTEzNTQ0MjY1MjEwNjcwOTE=,0
LTc1NzkzNDI3MzM5MjU0MjgzNTA=,11
MzU1ODcxOTgyOTUwNDc4NDc0OA==,8
LTM0MzM1MjE1NzU4MzI5NzY5NTU=,8
LTE4NDkyNjkwNjM3MDgyMTYzNTI=,2
NDE1Mzg2ODc0MDE2NDg1ODg3MA==,13
Mjg3NzMzNjQ5NDUzMzk2NDM5MQ==,5
NzkzNjY3NjU2NTY3OTgyMTI1MQ==,7
LTIxNjk0MDU4NTM0NDQ3NjIyNTQ=,12
LTI1OTI5MTg0Nzg4MTY0NTYy,7
LTQyOTgwNzUwMjYyNjk0NjQwOTQ=,0
LTI1MzM0NzM4NzcyMjY4NTY1MjE=,13
NjQyMTAwMDY4OTk2NzM4ODk3OQ==,1
ODQyNDgxOTU4NTc3ODgwMjg4NQ==,10
ODczMzEwMzAyMzE0NDc2MzE4OQ==,2
LTg3MjA3NTQxMzkwMzQ1OTE5MzY=,0
NzI1MTg5OTQzMTIyNzU1MjY2Ng==,11
OTE2NjQxNzM3OTg4MjE2NDgxOA==,9
LTU1MDc0MzA4NTI3NzkzNzg1Nzk=,4
ODQ2Nzg0NDAyOTIxNzY1ODQ0,7
LTcwNjk1ODM0NzkwNDgxODQ3ODM=,6
Mzc5NjczMDQ3NjYxMzc5ODI0MQ==,3
NjI1MDAzMTgyMjA2Mjg1NzAxNw==,6
ODk3MzIzOTkzMTc3NzM0MTA0MQ==,1
LTIxODI3MDI4MDAwNTYyMzc0MDc=,1
MjcyMTgwNTkyNDgxNTExMjE3MA==,11
ODg2NzkzNjA0OTYyNDkzODA0Nw==,0
NTA1OTEyODIyMDAxODQ5MDE=,10
MzQ1NDU4NDA4NTY3MjQ4NTk1OA==,14
NjM0NzQ4NzY1NDk5NTU2MDIwMg==,13
LTYwNDMwMzc3MTEyNTY3MjA2OTE=,3
LTU1NDUxMTMzNzI3MDEzNTgwMTI=,9
LTUxNTg1Mzk1OTcxOTg1ODIwMDY=,6
NjI1NTE2MDkwNjEzOTY4OTI4OQ==,9
NDA0NDg3OTQxNTM4ODY5NjAwNA==,6
ODI1OTIzNzAzMjgwMzQ3ODU4Mw==,7
ODUxMjk1NDc1MTI3NzE3MTA1Ng==,9
LTQwMTk3OTczNjQzOTc0MzI3Mjg=,14
NTQ3NDU5MjUyNDE0ODk3MTU5,11
NjE5NzA5NTc0MjQxNDEwODc3NA==,12
NjQ5NDEyODU2MTk4MjI3NjI5,9
LTU0NDI2NzgwMTAzNjk3NTEyMDA=,2
NDg4MTcwMzQ3Njc1NjQyOTA2OQ==,8
MTg5NDA0MjkxMDEwNDA3NzYyMQ==,0
NDE0OTM1OTk0NDU0MzQzOTAwNA==,4
LTE4OTU2OTA0MjM0MDE1NzI2ODY=,3
LTkxMzYxNDAzNTM0MDIxMTY0MjQ=,5
LTQzNjI4OTg3MDAyNzUwNTE3MzA=,1
ODExOTU2MDk1Njc4OTgwNTg4NA==,13
LTczOTQ3NjMwMDYwNzgyNjI2OTg=,0
NTkzOTMzMDgyODY3OTAyMDAxNQ==,7
LTQzNzc4MzQ1OTgyMDE2NjM5NDU=,10
LTIxNTk2MzQ4ODEyMDAyODI1Mg==,11
LTUxODU5NjU4MzgyOTU1MDkwMzg=,6
MTUxNDEwNTM1MTQzNzQ4NTk0MA==,1
LTQ4ODk4MjE1NDgwNjQxMjA1MjE=,9
LTE0NDE4MDI5NDUwMjMwNTc3ODg=,11
LTgzMjMyODEzMzY4MjI2MDkzNjI=,8
LTM5ODQ2MDg1ODE4ODg5NzU4MjU=,11
LTY4MjQ4OTU1NTIzNDA1NjU4OTE=,5
LTEwNzg2MDMyNTQ2MzgxOTA0NjU=,3
LTI4NDgyMzczNjYwMzY2MTkxNDU=,1
LTMzOTY0MTM5MDgzMDg2MjgyMDg=,0
NDU1OTMzODg4MTExMDAwMzM0NA==,11
LTY2NDUwNTM1NjI5MDQ5MTM4Mg==,10
LTU1Mzg2NDY3NzExMzYzMDE0OQ==,1
NDI3MjY0MTEyOTUyMzIzMjYyMQ==,0
LTg5NzY5MjM2NzgzODM5NDI4ODQ=,9
MTI0MzUwNzQwMzcxNzI5MTIyMA==,13
LTYyNDg1MDUwNzMyODc0NTA4NTk=,11
ODk0NzkxNjI5OTc1Mjc1Nzk4Nw==,11
LTc1NzU3NzI3MTAzNzYyNTgzOTg=,10
LTMwMjQ1Mzc0ODM3MDg5NTQ5NTk=,14
LTMwMjg3Mjk0MDgwNjA3MzQzNzA=,9
MTM0NTAzNjQxODkxODc3MzU1NQ==,1
LTgzMTEzNDgxNzYzOTU1NTA0NjQ=,0
ODE1MDk4MDA4Mzc2NDcxMTU0OA==,8
ODA2NDYxOTExNTQ0OTQyNjUyNg==,5
Njg3NTIwNTI5MTkzNzczODg0Mg==,7
LTQwNTUwNTczODQ1MzgxOTE3Mzc=,2
LTM2ODY5NDQ2NTM0Mzc1MzE3Nzg=,8
LTE4NjY4ODc1Mzk5MDcyNzY4ODM=,5
LTE2NjgyNDE2NTI2NDIyMzYwODA=,8
LTUwOTQyNTg3NTA4MTAxNDkyOA==,8
OTAzMzg2NzIyNzkyMjI4MjkwNg==,3
NzQ3NjY2ODEzODIxNTkyNDY3Mw==,12
NzI0NjE5MzI0MjkzNDczODU1Ng==,3
MTcwMDk1MTcwNjQzMzYxNzcwNg==,11
LTc5MzM1MjM4NjE4Nzc1NzQ1NTM=,2
MTcxNjM4MTg3NDExNDQyMDkxMw==,14
LTQyMDMxNDE4NDQ3ODQ5NDYxNDM=,14
LTYzNTA1MjI1MjI2NTg1ODYwNzQ=,4
MzUwNTU4NTk2NTYwNDY4MzU3Ng==,7
LTcyMTA4OTcwODA5Nzg1OTg1MzY=,8
ODU1OTMyOTYzODAyNzIwNDI1NQ==,6
LTkyMDEzNjk5MjkzNTM4ODU1NDM=,6
LTQ2OTg1OTM0MzMxMDI0MzY0NTg=,5
NzY5MzU5Nzg3MjUxMjI1NDg4,1
LTkwNjUwMDI5NjQ3MTU0MzMxNzY=,0
LTUwMTMzODI5MTY5NjYxMDQ3ODM=,5
LTgxNDE0NDcxODE1MTA1MjIwMDk=,0
LTgzOTkzMjcyMzc1ODk2NDUxOTc=,9
MjY5NTkxNjI2NTMxMjM5MDQy,3
MTk5ODE2NDE1ODYxMzAwNTgxMQ==,8
MzY4Nzg5MjkzNjI5ODQ4MTU0Ng==,12
MTQzMzc4NTQzMDA3OTA2ODIwMA==,1
LTQwMzI4MDY2ODQ5ODEwNDQxNDk=,10
LTcyNTIzMzg4NDk2NjMwMjExNTU=,8
LTg0MzEyMzc5NTA0NTMyNDI3NDM=,7
OTk0MDQ1MTgzMjIyMTUwMzA2,5
LTQ0NDQ3NTExMDYwNTI2OTk3NDk=,6
LTE1NzQxODg5MjY2ODk4MDE1MjM=,3
LTYyMjc2OTA0MDAyNzUyMzM0NDg=,3
LTYwOTc3NDc4NTQyNDIzMjgzMTU=,13
NTc5MzEwMzMzMzcyNDYzNTY5OA==,1
LTc5MTM0MTk3MDk4MjYxMDk2OTA=,13
LTYwOTEwNzc4NTI3MTI2NDYxNDU=,13
NjY5OTgxMzUxMjAzMjMwOTMwMw==,3
LTU4NTIxMjc4MDk2NTA2MTA0Mzc=,9
LTg5ODUwNTUyMTkwODQ4NzcyOTQ=,8
LTcwMzA5MjY0MTYxNjQ4NTY4NTU=,11
LTg5OTYyNzkyNzg0MzkyMzY3MDc=,7
NzQ2OTM0ODE4MzkxMzY4Nzc2NA==,11
NzcyOTE1NjY1ODIyODY5NjQ2Nw==,0
LTY1MzYxMDIzODI5NTUyMTg1MTM=,8
LTMxMTQ5NzM3MTEwMDg2ODI3NA==,5
LTM3MzE0ODM1OTE4NDI0MjI3NDk=,5
LTEyMDI5MzMwNzQzOTMxMjQxMzg=,9
LTE1NTc0MjE2MDk1NzczNjY0ODY=,13
NDQyODM5OTcwOTAxNzgwMzM2,8
NzIwNzg0MDg1ODI5ODg3OTM3NA==,3
MTgxMzcwNjYxMjczMTg3NDkzMw==,10
LTU0NDI3Njc2NDE2NTU2OTc4NzI=,4
MTcxMjk4NDMyNzc1OTQxMzMzMQ==,1
LTQ5MzUwNzU0NzE3MDI0ODg2MDQ=,9
LTgwODM3NTM0MzQ4NTMyNDIxMjg=,8
LTkxNTgzMDcwMjA2OTc0NDA1NzU=,5
NDAyNzU2MTU0MDY3NDM4Njk1Mg==,5
LTIyNDgwNDYxNTc0ODY4Nzg5Mw==,14
MTY2MDcyNzYyNDA4MzI0MjI3NQ==,5
NzAyMTIyMjc5OTA4MzAxODk5OA==,0
NzAxMjUzNzc0ODM3NzgwMjYyMA==,4
NjY4MDM4NDc2OTk4NTA2NTQyNA==,0
NTI3MjkyNDMwNjMzMDgxMzQzNw==,5
NzMyNjkzMzgwMjcwNTczMjc1NA==,11
MzI2MTEyMTkzODU1MjEzNTQyMA==,0
LTM1NzMyNTY5OTAyNTczMzU5Mjk=,8
OTIwNzUzMDEwMjQ3NDQyMzIwMw==,2
LTU0NjQxOTE3MjY5NTg2NzYyODg=,9
ODE5NzIzNjk4MTI2NzY1NDc1Nw==,8
ODI3ODU5MjM4MTQ3MjQzODczNQ==,5
OTA1OTU1ODUxMTE0MDM4MjMyNA==,8
MTYwMzE5NzU5NTM4NjgxNTkzNw==,2
MTM5MzAyNTM1NDgwNTc5ODU=,8
OTExNzY4MjkwMTE2Nzc2NjU0Ng==,4
Njk2NDA1NDQ3Mjc2NjU2NTc5,3
NTc5MzUzMDE5MzE3NjQ4OTM0Mw==,5
NzkyMjEzNDAzMjMzNDM4ODMwMg==,9
LTQxODUyNDE5Njc1ODg0NTYwNjE=,9
MTczODk5NzI2MDk2ODIxOTQyMA==,0
LTEzNDkwMTE2NTkzMjU4NTc0Mzk=,2
LTUxNzU1NjM2MjE3MzQ4Mjk5MjU=,6
NTcxNjM3MTUxMTUzNjM0MjYzOA==,7
LTI1NjA5NTAxNzExNTQwNTc4MTM=,6
NzUwNDY0MzczNDUxOTU1MDUx,0
Njc3ODYzNjY2NjMyODQwMTQ5OA==,14
LTY2NDc5MTc0MTQ0NDk2NDY5Nw==,9
NjY0MjYxMjMxNzE4MDUyMjA2OQ==,10
LTYzMTc1NjU1NzAyMzM5OTUyNzg=,2
LTI2NjYzMTM5MjA2MjAwMjA2MzY=,0
Mzk0NDk2NjM5Mzk3NjM5MjE2OA==,14
LTI3NTY5MjUwMjg5MDgyNzM0MQ==,7
ODM4MDU5OTYxMjgzMzAzMTMyMQ==,4
Nzg3OTI0OTE5NjI1MjMwNDAyMA==,1
LTc4MjMyNTc0NTc0NTE1OTQ4MjM=,8
LTM1OTE3MzQ2MDU3MjQwMDk3MzU=,0
MzUzMjEyOTk5NjE1MDY0Mjk4Mg==,9
LTg1NTUwMjM3OTAwNDI4NjE0NTk=,2
LTcxMjc5ODIwNTM0MDczMTg0NjM=,9
Mzc2ODI5MTYyNzY5MjY5ODI1MA==,6
MTk1NDIzMzQwMzIzMzU2MDU2Nw==,2
NzY1MzkxNDM5MzQwODgwNTc0NA==,11
NTE5MDI1NTc2NjQwODQ4NzA4NA==,8
MzAzOTc2OTc4MTEyOTc3ODEwNg==,7
MjE1NjUwNDc5NTAzMDkxNzEwNQ==,13
MzYzMjk0NTAzMjY3OTQ3ODc0MA==,1
MzQ2NzI5NDcwMzk4MzExMDI3OQ==,1
MjY2MzA3MDU1ODE1MTg5MjI3Nw==,7
LTg3NzQ1MDg5Mjc5NTExMTYwMjc=,2
ODI1Mjk2MzM2Mjc5NTk3MTEyOA==,5
MTg3NDU5NjI2MDE0OTc4Nzc4NA==,7
LTIyMTE0OTc2NDE1MzA3NzA3MDE=,3
LTgwMDM1Nzc3OTg1NDU4NDI1NjM=,3
LTM4NzgzMDcwNDAyNDE1NDIy,7
MjUwOTA5NDQzNTMzNzg2MDgzNQ==,2
LTIzMDQzNTQzNzI3Mzg0Mzk0MzE=,10
ODA2NDY0MDg3NzcyNDcyNjc1NQ==,13
LTI5MjA0NzI5MjIzNzA2NTA1Mzk=,12
LTcxMDc1MDk1Mzk3MTIzNzMzNA==,0
NzMwMTQwNjE1Mzk2ODM4MDgyNA==,5
LTYzNjUzODMwNzE0MzI2NTczMTI=,1
NTA5OTkwMzIzNDQ4MzEzMzEwNg==,13
LTIxOTgxNDg2NzQ5ODMzOTAxMDU=,10
MTExOTAxMTczMDkzODc3NDE5OQ==,9
NzI5NjkwOTAwNDYxOTU3MDg2OQ==,0
ODYyODAyODc0MTI2MDE3ODAyMw==,13
NjI1MDQ3ODk0ODc3MzM4MjYzNA==,10
Nzg3NzEzNzA5MDUzMTc2NjkwOA==,11
Mzc0MDgxNDg2OTQ0ODk3Mzc2Mw==,6
NzE1MjQyMTMwMTAwOTg3MzE5MA==,13
Mzc3NjMyMDE0MjczNDg0NzUxNA==,10
NDQ5MjEzNjE3ODA0ODgyNTg4MA==,9
MjIxODE0MzQwNjIzOTExMDM3Mg==,14
LTE1MTAzMDU4NDQzOTkzNjE1NTM=,13
MzYyMDYwNjc3NTYyMzIyMzIyMA==,8
MjQ1NTc4MDY3ODU4NDE4MDI2Mg==,7
LTQ3NDAxNDYyNzI5NDgxNzk1MjE=,5
LTU3NDI4MzI0MDU3ODU3NzM4NTU=,4
LTcyMTU0NDkyNDk2MTQ3ODM1Njk=,11
MzY5OTk2MzU3NDA3MjczNjE=,5
LTM1NzQ2NTg2ODc2MzQ3MDQ2MjE=,7
Nzk0NzA0MjYxMTg3NDkxNjQ4OQ==,6
LTMzMjA0NjkyNzYwMDQ0NDUyNzY=,9
LTQxNDgxNjU0MzY3OTQzNzIzMTc=,2
NjQyMjk5MDM5OTgwNzY2NDU1MQ==,1
LTk2NzY1NzIyNTY3MzIxMDkyOA==,11
