Id,Category
LTExODM2Mzc0ODQyOTc1ODE4NDM=,4
LTUwNDU3NzgyNjE2Mzk0OTU1NjQ=,8
ODU3OTE0MDU5NzM5NDI2MDQ2,2
LTQ4OTE2NDk5ODk4MTA3NDY5Mzg=,11
MjkzNzMwNzkxNTg5NDA1Mjk3NQ==,2
LTY0NTMxOTc0MjIxMjcyMTg4NDM=,1
OTEyOTc1NjM5NjAyMjM1MjE5,6
LTU0ODExMzc4Nzc4ODg2NDIzNDA=,2
NTMyNzg5MzE4ODM4Mzg5NzIzMQ==,5
ODQzOTk5ODA1MDM2NDg3MTM1Mw==,10
Mzc0MzE3Mjk4NzUwMjgxMDIyMg==,7
NzQ1NTU0MzkzNDY2OTcwOTEyOA==,1
MzQ1ODQwNDc2MjQ5NTQ3NDM5OQ==,8
LTU4NzgzODE0OTUwODQxMjkzNzY=,3
ODA3OTc3MzExNTA5MTk3Mjc4NQ==,1
LTQ3NDYyNjg0NTQ1MDkyNTk0MTg=,9
MTY4NDQzODM3OTA0Mjk5NjAyMg==,5
MzMzMTUxNjAwNzk2MTM5NTU3OQ==,13
LTMzOTIzMDk3NzA1OTM1OTI3MDE=,6
LTg0NjM5NzgwMTYxNjQ2NDEzMzM=,6
LTgyMTI2MDQ0ODkyNjQwNzkxMTE=,3
NjkzMzYzNDM3Nzg4MzM0Mjg=,10
Mjg2NTk4NzYyOTY2NDkzMTU3NA==,8
NDk1MTQxMDQ5MTEzMDEzODAzNQ==,5
NzM0ODUzNjQxNjI2MzU3NTg1NQ==,13
LTU4MjE4NzQ0NTM2ODI1OTcwMjQ=,3
LTMwNzQ2NTQ4MTczOTA5NTc3ODc=,7
LTQ0MTI5OTQ0MzExMTI3MDgzODY=,4
NjczMjQ1MTcyMTE3NDUzNjAyMg==,7
LTU5OTIyOTkzMDIxNTE2MjE2OTg=,1
NTk0ODM2NDQzNzA5MjYxOTIyNw==,3
ODIxNDg2NDI1NzQ0NjY0MDIzNA==,11
LTI5MjE0NDczODM2MzczNDQ4Mjc=,3
OTkyMzIyNzAxNTYyMDAyMTkx,6
LTUzMzczMjE1NzUwNDMzMTM2ODE=,6
NTk1MjIyMDc0MDk1MzkxNjcwOQ==,3
NTgxNTc3NDU2OTE1MDc0MTg4NQ==,6
NzQwODk2ODc4NTQ0Njc4MjA5MA==,0
MzEwODYzMjc5MjkwODA0NDA2NQ==,13
LTEyNzgxNjU3MDg4MTcwNjExMDg=,2
LTkxODg1NTM2ODU0NDU0ODQ0Njk=,11
Nzg1OTQ2NDA5MjU3OTQzMzI2MQ==,11
LTc1MDMwNTg5ODYwOTU5OTAxMTc=,6
MTk2NzA4MTI2MjM5ODQ3MDQ1Mg==,3
Njk1NzAyNTU5Nzg4MTkxOTcxNw==,13
LTYzNjAwMjQ4OTMxNjA0NDg0Mg==,6
LTY2MTAyMDYyNjc5ODk5MDIwNjY=,13
NDEzMDU5MDE5NjM4ODE0Nzg3MA==,2
LTc2ODE2NjYwODA5NDAwNjAzNDU=,10
MjMxNjQyNTAzODQwNTgzMzgxMw==,1
LTQyMjU1NDM2MjMxMTg0MjM3ODY=,10
MzkyMjcyNDk5NDIwMDY5MTU3OQ==,8
LTg5MzExODAxNzM2MzQyNzU0Nzk=,8
MzU4ODIwNDk2OTkyOTIzNjM5NA==,5
NTUyNTgxNTcwNDk0NDgzMTY4MA==,10
NzExOTAzOTQ2MDQ3NjM0NDU0OQ==,13
LTE1OTQ4NDE2ODc5MDc4NzAwNzY=,11
MzU5OTg4MTQ0OTYwNDUxNzMwMQ==,14
LTYzNzU5MzcwOTg4MTQ0MDAyODU=,3
NjkxMjAwMjMxNjczNjM2NTQxNQ==,1
NTAzNjI4MzcyNTk3Mjk3MTgyNw==,6
ODI1NDI2OTkzODYyMzA3MzE5Mg==,7
NDUzNzk2MDkxMjY3NzUzMzU0Mw==,10
NjYzNTk1Mjg2NjEyMjQ0MzEzOA==,13
MTczNjIxMTMyNzI5Mzg4ODI=,0
ODc3ODE1MTQxNDE2NjU2MDAw,1
NzE1NTQ4MzE1MzA2MTU2MjY2NA==,1
LTU5OTE0MDk3MjgxNzQwMDc5OTg=,13
LTI4MjAyNjg4Mjk4NzQ2MTg4MDc=,6
NjM3MzExMDgxOTE2MTkyMjAzNA==,13
LTIwMTA2NjU0ODU5NzY1NzkyMjA=,11
LTU2MzQzNDAwNTA3MzUzNTg2NjI=,14
NTAzNTk4NjMyNDM2MDU4OTM5Mw==,0
LTg3MDcyNDE0MjkxNjAyNTY2MjU=,3
LTY2ODA3NDU1MDY5NzI5MjAxNTg=,3
NjAwODI3NjM5NTcwNDE3MjAxMA==,3
MTE2NTUwMjUwNTk3OTYyODI=,8
ODc3OTQwMDY4MjcwMjcxMDM4MQ==,5
MTc5NzIwMzIyMzg3NTQwMzgwMQ==,11
NzE5MjM4Mjg5MTQxMDkwNzMxOQ==,1
LTIxMjA2NjAyNzg2NjUxNzE2MQ==,5
MzM5MTk1MTk2MzExODU0OTE4Ng==,4
LTQ3MjM0MDA3MDg2NDQ3NTk2Njk=,5
LTMwMzQ0NjMyMTIxMzE2ODAyMDM=,1
ODk0NjY4MTc3NzA1NTM0ODA5NA==,3
LTc4NTQyMDE2NzM4MDI1MTU0OTc=,8
LTQ1ODcwNzM2MTczMTI1Mzg0NDI=,6
MTM0NzQ1MjE3OTIzODA2NjIyOA==,7
LTM5Nzc2OTUzOTkzNTQyNjc1OTI=,11
LTczNzU3MDk1OTk0ODU2NzM1NDU=,9
ODY2MDg0MDM4NjA3ODU4NjkzMg==,2
NjYyNjA1MTMyMjk4NjQ2MzM0OA==,12
LTMwNDk3MTc5NjQ1NDY0MjAzODA=,11
LTY4MzA0MTYyNTEyMTEyMDA5NQ==,0
LTI0NjE3NDYxOTU0MTk0OTYzOTY=,8
NDYyNjQzMDQ0MzQwMzIwNDkzNg==,11
LTYwNjg4NTEyOTYyMDAwMjE5MjI=,1
NDQxOTg5NTE2MjkwNzkzNjI2Mg==,2
MzM0ODc3NTg2MDQyMjQ2MzE3NA==,0
NDY0MzQ1NTY4Nzk5MjA3MTU5Nw==,5
LTcxNDE1MTk0NjIxMzA1NTY3Njg=,13
NjY0MzI2ODk2Njg5NjYzNzk0MQ==,8
NTE0MDU3NDI2Mzc1NzEyNDczMg==,1
LTUxNDAzMjU0NjUwMDc1MzEwMDU=,11
LTI4ODc5NzQzNDU4OTMxNDM3MDM=,14
Njc4NTU4MjAwOTkwMjc2NjI4OQ==,13
LTYxNjk0MTE3ODEzMTg0MDM0NTc=,1
LTU2Njc0MTQxNTgwMDE2NzM5NzE=,0
LTU1MjQzMjEzMjE0NjA2MTcxNDg=,8
NzE0ODUxMDU2Njk4MzE4NzUyOQ==,5
NzcyNDEzOTk4MzA3NzEzOTg2OA==,2
NzgwNDEwNTg3NjYxODA3OTMxNw==,7
NzY5NDQxNzM5MzIzNDQwNzg4NQ==,2
LTc2NjM4NTIyMDczNTc0MDYwMjE=,12
NzQwNzc2MzMzMzQwNjY3NTE2MA==,6
LTc2ODQ1MTY4OTQ4MzA3MDkxMDQ=,3
LTY2MzE5MDY1MTUwMzU3OTExMjc=,1
LTc4NTYxNDYzMDA5MjEwNDI=,3
Mzg2MjUwMjEwNzY5OTYxOTcyNw==,6
NTUzODM3NTg4NTQ4MDA4MTY4MQ==,10
ODY4NTA0OTYxODE5NjU4NDgzNA==,8
LTcwMDkzMDQ4MTM1NDQ3OTE3MA==,3
LTUzNDUxMDE4NDQ3NDQ3MzgwMjA=,9
MzA1NjUyOTYzODAwMDcyOTMwMQ==,1
LTYwMDQ5ODA0NTcwNTQzNjcyODI=,2
LTQ5NDkyMDgyOTM3MzczNjk2OTE=,2
LTYyMjE3ODMyMzYwOTAyMDE5Njg=,8
ODg3NDczMjA1OTczNTU0ODAwNw==,8
OTE3OTk4MTU1Mjg4ODIzNjAzMQ==,12
NzIyODkzNTg1OTc4ODI3NjIxMw==,11
LTE1ODAzOTY4MjA4Nzc3MzUzMDQ=,11
LTI5MDcyOTk3OTczNjI2ODQ2NzE=,8
MTQ2MTAwMzkwNDI2MDk1MzMxNQ==,1
Njg5NzE2NDMzODExNDAxMzc1Ng==,3
MzA2MTY1MDE4MDQwNTg2MzI4,0
MTE3NzIyMTY0ODg2MTIwODY2NA==,6
LTQwNzEzMjE0NDc2MTE4NTA4OTU=,5
NDY5MzQ3NDIyNzg1MjUxMTU2OQ==,6
LTIyOTc5Njg3NTQ4OTMzNDY2NjY=,2
ODA4NjAxMDE4NDA1NDY1MDA4Ng==,4
NTA3NTgwNjk1NzAzODAyOTU0,7
LTU0NjUxNzIwMTA2MzA1MTUyOQ==,8
NTQ5NjEyODY5MTQ3ODQwNTQwNw==,6
LTIxMTAzOTY1NzQ4MjQxMjI4Mzg=,11
NzY0NzgzMzcxODY3NDIxODY3Ng==,7
LTUyMTQ0Mjk2MDc4OTQxNDA2NzA=,8
LTU1MjM1NDkzNDc5NTkyMzExMTg=,13
LTU4MDQ3NzY4Nzc5OTQ1NTE2Nzg=,10
Nzg2MjM1NzY0OTYwNDU5MzA4,6
ODYxODM2NjkyMjMwMjcxODAyOQ==,6
LTIyOTkzNDY2ODkwNjc0ODg5MTM=,1
MTYwODMzOTM3NjIxNjY3MDcyNQ==,10
LTIyNzU3NDE5NjgyNzg3NDg0OTU=,13
Nzk1NTM2NTIwMDQ5ODY2NTIyMQ==,2
LTM4OTU0MjY4OTAzNzYyMzMwMw==,4
NTcxMDgxNjAzNDM4NjMyMjAwMA==,0
Nzc2MTA3NzQ0OTgyMDQzMDI4MA==,8
MTI2NDM1MzcwNTk3MjA4NDcwNA==,14
LTgzMzExMDY3OTc4MDQ2MTQ2Mzc=,8
LTgxMzY5NDQ3NDQyMDExNzI3NTY=,4
LTYwOTcwNTI2NjAwMzkzMjk5Mzc=,2
LTc2MzY5MzU5MzE4NTc2Mzc2MzQ=,1
LTc3NTgxMDgwMTI0NzI2OTA5NDc=,6
NjY0MTc4NDI4MTk3MjI3OTEwMg==,13
NjM1NTU0NzI1MDIwMDkyOTE4NQ==,8
LTE3ODYxNTczMDk1Mzk5MDM4MDE=,1
ODgyMDMwODMzNjYwMzM0MzMzMA==,3
MTIzNjQzMDk1NjgwNTAzMDUxMw==,10
MTY1MjA4NTE0MjU2NDE5MzY5MQ==,3
MTQ4MTgwOTM2MjcxMjI1MTY5NQ==,3
LTE5MjY0MDQ4NzQzNzk5MDMzNTc=,6
MTg5NTExODM0NjA2ODEwNTM4Ng==,11
Njg1MjU2NjA4MDMzNjM3NjkzNQ==,5
LTY2Mzc1MjIzMTA5NjU4ODA0Mw==,11
LTU1ODEzNTcxMzc1OTIwMTMwMzk=,4
MTA1MDkzNzUwODQ4NDA3NjMzOQ==,13
LTI1ODc2NjY4NTM1OTMyOTQzMzE=,0
ODE4NDQ2Mzg4NTY2NTk2NzQ5OQ==,8
LTY3OTE2NTg3MjE1NjQ0NjM1NTg=,3
MTAyMTMzMjAzNTYzOTIwOTcyNg==,0
ODI0NTcxNjg3ODg1OTU4MzAyOA==,13
NjI1NzQwODk0MzI4MDA0NDk1NQ==,2
MzM3Nzk3MDc4NjAxMTkzNTk1Nw==,5
NTcwNzE2NjMyOTMyNzg1MzU2MQ==,8
NzUzNzQ1MzM2NDY2MjU1MjUxNA==,13
LTcxODU2NDY5OTk4MDU2MDU3MTA=,14
NTc4MzE3NjgzOTMzNDMyNjkwNQ==,6
LTY0MzU0NTEzOTIxNTIwNjA0NTM=,5
NzUwNzU0OTU5MzE4NTUyMTEyNw==,4
Nzc0NDY2NjQ0MzIwODIyOTg1MA==,10
LTI0NzU0NDA2MzAzOTIwNTEzMjg=,5
NzM3MjEyMzI3MjY1NTYxOTY5OA==,8
NjEzOTg0MTg0MTE2MzIzMTYzNg==,13
LTYyMjk0OTUwOTg5ODQ5OTQ0MTk=,5
MjM3NTMwNzM5MDY4NTIwMDU4,12
MTU3OTMyMjU1MzkzMjA4Mzk0Nw==,14
NzEzMDEyMjYyNTc4OTg4ODI3OQ==,13
NzYzNjA1NDAzMTI0MTE0ODg3NA==,1
LTM5NjA5OTE1NzU3NzcyMjAzMjE=,11
LTI5MjUxNTgzODUxODA1MjY2MTc=,6
MzM0NDI2MzMzNzE5NDYxNDUyOQ==,13
MjcwODk3NzY3MTA5Mzg1OTY5Nw==,11
NDIyMjczNzUwNDUxMjAwNzM3NA==,4
ODQ2OTIwMzcxNDEyOTg4MTI1MA==,3
MjUyNTY0ODUyMTE4OTI1MDI4Nw==,7
LTMyNDc2OTI0NjUwNTEyNDU3MTQ=,5
MjY0NzI1NDM3NzE4Nzc0MDUyMg==,7
MjUzMDczMjA5MzUxNTY3MjQwMg==,13
LTExMzk4NTg0Mjg0NTU2MDg4MTU=,5
LTE2MDQ3OTYwMTU3NjY0MTE4NDQ=,5
LTUwNDQxMjQwOTEzMDEyMDI4MA==,5
LTIzNDIzNzY2NjM1ODUwMTMxNTY=,13
LTY2NjY2NTk2NjUxOTkxNDE0Nzg=,1
NTQ5NjAzNjkwNzEzODg3NDI4,1
MjQ0ODUxMDU5MDI3MDEyMDE3Nw==,8
LTE5MjEyOTMyNzA1NDAxNzY2NzY=,10
MzgzMjMzODYxNzM2NzIzNzI0,5
ODIzMDQ5Njk4MzQ3Njg0NTYzMw==,3
LTkwMTc3NzYwNTExNTUwNzY0Nw==,1
MTMzNjMxMTMxODEzMDk0NjAyNQ==,0
MjYxOTUzMjk0MjQ1NDIzNjQ4MQ==,7
MzMwMzk1MjMyOTEwNzIzMDMwNQ==,11
MzY1NzY1NTE1OTc2MzA0OTc5Mw==,6
LTMyNTAxMDg3ODkzMTM2NTMwMQ==,0
LTUzOTkxMzg0MzM2Mjc3MjAwMjc=,0
LTgwNzYwODgwMDc2NTkyNjA3NQ==,2
NzAzNDMzMDU2MjU4NDkyODAwNg==,6
LTkzNzU4NTgyMjY0MzE4Mjk0Nw==,11
LTUzNzUxODgxMzg0NzQ0ODAwNjc=,10
NjA0MTczNjQ1OTg0NTM3MDcxNw==,13
LTE0ODE0OTczMjAyODUzNzkwNzA=,8
MjMxNjE0Njk0MTgyNDQ5MzA5Mg==,3
LTg5NDQ2MDMxNTU2MDg0NTM5ODI=,0
MzMyNzg0ODg2ODg2NTY0OTIxOQ==,8
LTM1MDYzNjQzNzExNDU5NjkyMTE=,6
LTI4NzM1NDk4MDM2ODQ0OTY3OTk=,11
ODg3ODAyMDkxODA2MjkxNzcxMQ==,13
LTE4OTA2NzI3MTEyMzU3MjU5Nzk=,8
LTYxMjc0Mzc1NjkzNDM4MjExMzg=,3
LTczNTgyODQ0MzM0MTA0NDU4NDQ=,6
LTIzMzI2MjI5NzIzOTE4NzYxNzA=,13
NDU4NjQzNDM5MzIwMjIyOTk2OQ==,8
LTI1MDU4Njc0Mzc2NzkxODQ5NTM=,0
LTI2NjY2MTE5OTcxMDkxNjY0NzU=,6
ODM0MjEwMTc1ODM1NzI5ODc4OA==,5
NzAyNDUyMDQyNDE4MDM2NjM3,3
LTYxNjgzMTY0NTYxOTM3MzkyNzA=,4
LTQwMzEyNjEzMjM0MDg3MzYyNTQ=,0
LTU5OTc1MzM0OTU3MjQ1MjkzNDM=,0
LTg2MjA3NzAyNDE2NDI5NTAzODM=,2
MzEzMjQxMjc4NjgzNzIxNzkwOQ==,11
LTQwMjg1MTI3MDg2MTg1ODA5NDQ=,1
LTM3MzI2OTI3OTI1NjI0OTI5MzU=,10
MTQwNTg5MjA2MjIyODk1NTcwNQ==,3
MjgzNzUwMDg5NzYyNjY1ODU4Ng==,0
NDA4NjA5OTI0NjE1ODUyNDY1Mw==,2
LTM0MzU0NTY1NTM5NTI4NjUyMjk=,8
LTc4MzMzNzI1NTE5MzQ3Mzk1MzM=,2
LTUyNzY5MDQ0NjA4MjQzMDkwMDk=,10
LTg3ODczMzA4NjU0NDIxNDIwMjE=,6
LTc5MTUyNDk2MTA4MjQzMjYwNzE=,5
LTUwMjk4MzA2NjAxMzU1ODg1NDE=,10
ODQ0MzUwNjQzODQ3MTY5NTkzNQ==,7
MTAwOTk2MTMzNzU2NjkzODY1Ng==,1
NDgyMDEyNTQwNzg4Mzk0NDA3MA==,4
LTU3Mjg2OTE5MjgyNDkzNTUxNjc=,8
ODc2NTYyMjUyMTAzMjM1NTQwMg==,5
LTMzMzg4NDEwNTk2MTU4MzE4MjI=,14
OTE5MTU3Mjc1NDQ1Nzc1NDg5,1
LTg3Mzc1OTE4MTcyMzMwOTU3MzQ=,3
LTI2ODU5MjM0MjE1MzI0NTI2Ng==,2
LTQ0MzgyODI5NTk2NjQzOTE1MDM=,8
LTU5NTU3MTkxNjEzOTQ5OTU3OTA=,13
LTgzMDAyNDg5NzIzMDU3MTEwNDY=,12
LTQwODM0NjIzMDEyNjIxMzgzMzQ=,3
LTUyNTk1NzI2ODczOTQ1MjU1ODM=,2
LTg2MDMzMDc3MDkzMTc3MTkxMTc=,7
NTg0NDE4NTMwMTUxMDMyMDc2Mw==,8
LTYzNzQyMzI5NjA1MDQzMDYyMzE=,6
Mjc4NTU5NDczNzYwOTk3NDYxNA==,2
NTUxOTMwMTMxMzgwODMwNzY0Mw==,2
NjU0NzQ2MzU4Mjk3OTkzNDQ2NQ==,5
LTIyMDE0Mjk0MjE1MDE5NDYwMzM=,0
LTEzMDg2MTY5NDg1NDc0ODQ1OTQ=,6
ODkyNDIwNDE4ODA4ODMzMjgwOA==,8
LTE4NDM5NTk2NDQxMDg2NTQ1OTI=,8
NzIyNTA2MjYxMjAwNjAzNjU0Ng==,3
NDg1NzY2MjE4Njc3NTY4Nzk2,2
NTE0MTgzNzQ0MTY4ODQxMjcwOA==,7
LTIzMDg1NjAwNjU2NjYzNzA1ODk=,2
LTgwNDYxOTUxMDE4NzA0OTA1ODY=,2
LTMxMDQ2MDk0MjU2NzgxOTY3NTY=,3
NzM4NTY3NzU1NTQ2NzgxMDM4Nw==,2
OTEyMzIwMjI5NDY1NjY4MzY2Mg==,0
LTUwMjI3MTE3MDMyMTE0Mzc3MzA=,5
MzkxNjQwODc5NTM2NzMxNzE5NQ==,8
NjYxODQzMTQwMzI2ODI5MTA5,2
LTM3NjczMDcwMDk3Nzg1ODc2ODk=,0
LTU4ODE4NzA2NzY0NjMzODM4MzE=,4
LTkwNzYwMTk2MjE4NTIwMDg1,4
NDI5Mzg1NjQ5ODM2MzI3MDQ5Ng==,13
LTg0MDgzMjA3NjMyOTU3NzYyOTY=,0
LTQwNzg3MDkxMzUwOTQxNjAwMDA=,13
Mzg3MDQwODg0MjU3OTYzMDI1Ng==,0
NTgwNDMzNDc0NjQzMTA2ODQ1Mg==,8
LTE5MzQ3NzU0OTY0MzIyOTk3Njc=,10
NDkzMjA2NjUyMTU5MDEwMTE2MQ==,7
LTU5NjE1NTkyMDA2Mjk5OTY1MTM=,8
NjMxMjQzMjc1NjU3MTc2OTAyNA==,0
LTE2Njk1MjgxMjI2NTg3NTA5NzY=,8
Nzc4NzAwMTgxNjE1MTQ3ODkx,0
MjM0MzE2Njc1NjIxMDA1MzgzOA==,8
NzAyOTQ5ODI5NTU3NjA4NDg0Ng==,11
ODc1NTYyNDg0NzM3NzA3NzkyNQ==,10
NzU3MDgxMjY4OTQyMzY2NDE2Ng==,10
LTIzMzA5OTM2MDQ5NTIwODI1NTU=,13
LTI4Nzc2ODUyNDk4MzA3NzIwMjc=,10
LTU0MjAzMjQ4MTU5NDQ3MzMwNzc=,6
LTE4MjcyNTE4Njc3NTcxNzcyNTQ=,13
ODU5Mzg4NDk3MTQ0OTUyNDA5Ng==,11
LTMxMTQwMTU1MTEyOTk0NDk3OTQ=,0
NzQ0MDI1ODc1MzE2MzUzMjAw,3
NjAzMzk5MDA5Mzc3ODY1MDAwMg==,3
NzgyMTYyMTM1ODYwNDM3NTc2,3
NjkxNjA4NDgzMDcwMzA5ODE0MA==,3
NjI4Mzk1MzI4MTIzNjkyNjky,13
MzAwMTQzNDQ3ODAwNTk2MzgxMw==,14
LTIwMTgxNDg0MjU1MDExNDE4Mg==,2
LTQwNDczNTA3NTEwNzQ1MTIyMw==,7
MTkwMzMwMTU1MDE5NTEwMTI5Ng==,2
ODk4NzkzMzc1MTExNDAxNTU3Nw==,0
MzgyOTI0MDM0Njc4ODc3OTYwMw==,8
NjM3MDk4NzE3NDA3Nzg0NzE2OQ==,4
NDU0ODE2OTIwOTg2MzQxNjI2,5
NjA3NjQ4MjI2ODEwNzk0OTg5Mg==,11
LTU2NTQwNjI1NDYzNDIwNzYzMjU=,0
LTkxMzE3MTkwNzk3MzI1MjUyODI=,12
MjE3MjU2NTcxNTk5OTc5NjgzMQ==,2
NjcxNjM5MTU1NDc5NjUxNzMyMg==,5
LTYxMjY3MDcwNDc2OTQwODk3MjQ=,3
LTg4ODAyMzQwNDA0ODY4NTEwNzM=,11
LTg5MDMyNjk2NDgzNDMzOTE0MDk=,11
ODk1MzkxOTI0MTEzNzU2OTAwMA==,0
NTUzNTc3Mjg3MTQ0NjMyMTgyNg==,6
LTczMTMwNzgzMjkzNTc2MzM5ODU=,8
LTc4MjMxMTUwNzkxNDYyNTY3MDc=,0
LTM5NDM0MTg2NzE1OTcwNDI1OA==,0
LTQyMzAwMDAzMzE1NjEwMTE4Mzg=,5
NjIzMzc5NTIwMjYwODE4Mjc2NA==,2
LTc2MzYyMzQ0NzMyNTc4NDAwMzc=,13
ODE3MTM2NjgwNDU2NjA2MDEzOA==,10
MTg3ODM4OTg1OTUzNzk3MzY3Mw==,4
LTg0NTQ0MTg3OTQ3NzEzODAyMTc=,8
MzAyODgzOTkwMDYyNTQ0NTk2OQ==,13
MTc2MzI1NzQxMzk4ODg2MjUyMQ==,3
LTYwNzA1NTkzMjUzNDM4MDA1NzI=,6
LTMxMzM0NDI5NTg1MTg2NTQ4MDM=,2
LTQ2MjI2OTkxMzE1MjI1NTgyMTY=,2
NzkxNDAyMDU3MTc2ODgyODU4NQ==,2
LTQ3NjcxNTA0NjI4Njk3ODMyNzk=,2
MzUwNDYyNTE4NzE3MTYwODg4Ng==,3
LTc1MTQ2MDYyMjgxNjQ3MzE5NjQ=,5
NTYyNzU2NzM2MjE4Njc2OTg3,2
LTUzMTI3NzA4MjM1MDkyMzI4ODY=,11
NTY2MTI3MDc5NDM4Nzk5MTAw,3
MjEwMzU4NTkzNDM5OTcwOTUyMg==,2
LTg0OTIyMzA2MDIxNDIzMDQ0MjY=,2
NTYwNDYyMDAwNDY0OTIzNzMwMQ==,11
LTQ2NzM2OTU2NDc2NDExMTUxMw==,5
NTA2MTkwMTU1NjkxODA2NDkyNQ==,3
LTU2NDYyMjcyODQ2MjE0MzcxNTQ=,1
LTM1MTMxODYwODkyNjk1MDEwOTA=,1
LTQzMjMwNDc4Njc4MjQ5MDI2MzM=,2
Nzk4NjEzNTA0MTQ1MTI3MDUyMg==,4
MTcxMTA3Njc5MTUwODg5OTIxNA==,6
ODA4Nzc5NDYxNTM5ODkwNTQ3Ng==,1
OTE0NzQ3MDI5ODg0MTI0MzA3NQ==,8
LTQ2MzM2MDEyNjQyMjU5OTk0NDk=,8
NTY0MzMyODM5MTA5NzQ5NDQ3Mw==,8
LTI2ODk5NDE0NjU3NTM4NDc0MzE=,12
LTg2NTk1MTE2Mjc0NDk0NjM5MjQ=,13
Mzg3MTAzNzI1NzIzNzM1NTkwOA==,3
Mzc5MTMyOTcwNjE2NTU5NjU5OA==,5
ODAwNzk4NTM5ODQ0ODM3MjIy,6
LTQxODQ5NjAzMDQ4MTM3NDMwNDg=,0
LTI1Mzk5NTcwMTU2NDk3MzgyNDI=,6
ODkxOTAyODM5MzU2MDM2MTA0Mw==,5
MjgyMzIwMDgyNjc0NzI0MzAy,8
LTQ3MzI5Njg1MTkxNzU3MTYwMzQ=,6
LTY1MDc2MTUyNjY5NTMyODQ2NjE=,2
LTQ0NzI1NDQwMjk2NTg5NDIwMDA=,6
LTcwMzgyNTg4NjUzNzU5NTU1OTI=,1
LTc2MTEwNDMwODM2Mzg4NTQ5OTA=,6
NDE2MTU0MjE5NDUwMjU0NTU2Mw==,0
LTU5MjMzMTY1MjAzMTI5NTMyODI=,1
LTkxODI3ODg0MzA5NjkyMDA2NzY=,2
LTE4OTMzNTE3MDQwMjA3NjY0Mg==,3
LTUyNDE1NDQxMDY0OTU5NzUwNjQ=,8
NzkyNDkxNTM0MzY2MDA0MDgzMQ==,11
LTEyNjI3NDEyMTQzMzU4MTkwMzk=,12
LTI0MTg5MDc2MDE0NTU0ODUyNTM=,2
LTk2NzQ1MDA4NjE1MTQ2NTQ5OA==,2
LTM0ODA4NTU0MTIxNDg2ODc1MTM=,2
MjcxNjY1MTg0ODU0NTc1NjMy,8
LTMwNjQzNTU0NDYwNDM2MTUyNzA=,13
LTI1MzI0MjQyNTgzMjQ0MTk3MTQ=,2
LTIyNjIyOTk0NTg2NDU2MjA0NDM=,0
MTA2NTUzNzU0MTg2NzgxMTkxMw==,3
LTI4MDg3MzcxMTY1ODk5NDg1NjQ=,10
LTM4ODgyMDkxNDYzNTEzNTk5NjM=,6
NzkyOTY2MDk0MjYzMjA4ODk3Mw==,8
LTQ1OTUxNjA2MDgxMDQ5NjMzMjU=,14
NjYwNDQwODE2MTQxMjA3MzY3,8
LTE2ODMyMTE3MjM4NzE3ODc2MTk=,13
LTY2ODc2NDg1MzQxMDM0NzI5MzA=,13
NTI4ODM0MjU2ODE1NjQ2NDI3MQ==,8
MzU3ODc3NTAyNjM3MTk2MzY1MQ==,1
Mjg2NDEzMTMzOTQxNDUyMzc2MA==,11
LTIzODU4NTMyMDkzNDgxMDI5MzE=,3
MTUyMDEyMDI2NTA1MzI4NzA2Ng==,2
MTIyMzUzMzYzMzU4NDUxOTQ4OA==,6
LTIwOTYzODUxNjkyNDA5Mzg4,0
LTU4NjE4NTI4NTU2MDk4NjgwNzY=,10
LTY1MTMyOTU2NTcyODgzMTM5ODI=,7
LTM2MTc4MzA2OTgwMjE1Njk0Njk=,6
LTkxMDA1MzM4NDYxODY4NDQxOTc=,3
LTY4MDUwNzEwNjY0ODkwNTIwNjM=,9
MTc3MTQ0NjI0MzUwOTU5MjQ4OQ==,5
LTk3MjUzNzM5NTExNzIxNDQx,0
MTkxOTQyMjY4MTA3MzM0NDQ1,6
NDU3Nzg5NzA3Njk5NDY3NzAzOA==,12
LTIxMDEwMTEwNDk2ODY4MzM4MQ==,2
LTYwNDA0OTM5OTQyMjk5ODIyODc=,11
LTg0ODcxNDk3NDg1NTk2NzA4MzM=,5
LTY2ODE5OTg5NzQwMTI3MzY3OTc=,6
NTkxNDAxOTEyOTkwMTAwMzc3Ng==,0
LTE5ODc2OTY5MzQxNzcwMTE2Mzg=,8
MTI5MTMzOTQ0MDE2ODM2MzkzMw==,4
MzIyNTAxMzIzNjgwMDkwMzI3Nw==,0
LTE1Nzg4MjM4MzQ4MTA0NDk1MDQ=,4
LTM0ODQ0Nzk5MDE2MjgyNTI0NjQ=,10
NDA1MzI1NzExMTY0MzExNjQ3NQ==,13
LTU5MTk0Mjc3MDYxODcyMDU4OTE=,6
NTM1NTY4NjA0NDgyNTQ4NDM5,8
LTY3MTI3OTI2MTkzOTI3MDUzNDM=,11
LTczNjQ5ODQ3Mzc3NjIyNzgyNTI=,6
LTYyNzIxNTMzMzEzMTM3MDM3Njg=,2
LTg2NjU4NDQwOTM2NTMzODkxMDY=,2
MTk1ODAwMzM1MzczMjU0OTgzMw==,6
LTY2NjUyMjc3MTc4OTYwNTQ5NzU=,3
LTE5ODczNDQzNDU0MDUxMDQzMDU=,8
LTMxNDMxNTYyMTU3MDA3NTYxMzU=,6
LTc0MjUzODY3NjQyNzMxNDA5NDc=,0
NjEyNDM0NjEyMTk1NDM5NDQ4Mw==,8
Mzk5ODE2MDA5NTA5NDkzNTU2Mg==,11
LTQwODA1MjU4MTQxODI1NzUyNzM=,2
LTYxNTQxOTEyMDMzNTMyNTI5Mjc=,13
LTM0Mjg1MTMwMzU1MTczODI0NDU=,8
LTgyNjA3NTQzMDYwNjk0NDI1MjA=,13
NTkyMDA0ODAwNjYwODg5MTI1NA==,4
MzgzMzU0NjM3MzY3NDA5MDAw,8
MjEyMzA0MzQ3MDUyMTI2NTcxMQ==,8
Mjk0NDIyMDY0NjIzMzg0MDg2OA==,1
NTgyNjY2MjA2MDQ2NzA4MTUwMg==,10
LTQwODY4NTYzNjY3MDMyMzgzNzg=,6
LTM4MTk0OTY4ODIzMjQ2MDk5ODE=,0
MTY4MTg2NjYzMzI3OTc1NzIxNQ==,3
LTIwMDk1MDg0Njk4MDIxNTQwMTQ=,10
LTgxNDk3OTQxNzY0MTkzNzMzNTQ=,3
LTMxMzM0MTA0ODUwMjU1ODc3OTE=,1
ODY1ODIyMTQzNTQ2MTc3Mzk2Mg==,6
NTI4MjE4NzAwOTQzMDQ1MzU2MQ==,10
LTgwMTAxMDc0OTIwMTAyNjIzNTY=,4
MzcyMjgzMDYzMDIxODY3NDE1Ng==,4
LTMxMTI3MTc1NTQ3ODU1Mjk3NzM=,4
LTM1MTMwMjE3MzY0MzExNzUzNzU=,10
LTQyODY3MjE0NDIxNDE5ODgwNjk=,11
MjA3NjgwNzA5NjkyNTkwMzI0OA==,11
MzA5OTM5OTY1OTY0Mjk2ODY1MQ==,11
LTYyNDU2NDk4ODkzMjgzMjk4NTU=,10
LTYxNzIwMDUyNzI0NjI4NjYyODE=,5
LTExNTM1OTY5NTU3MTk3MDQzNQ==,3
MzMzMjY5NjIwMDYzNzMyMTA3Mg==,8
LTEzMTcyOTczMDMwNzcwODczOQ==,11
LTU0Mzg5ODAxMTYzNDQzNTQ3ODI=,13
LTI1NDQ1MjAzMTA4ODk3NDcxNDY=,10
Mjk1NjY3NzA0NTI5ODQ1MjIwMg==,6
MjQwNTc1NzI5Nzg2MjE3MTUzMQ==,4
NzExODAzMjczNjY1MTA4NjczNA==,6
NzUyODMzMjU5NzEwNTczMzQwMQ==,2
LTkwNjc1NjQ1ODgwMzEzMTkzNTk=,5
NDIzOTUxNTQ0Mzg3ODM2MTc0Mg==,12
MjM0MjMyNTAxNTAxODQ0NTc3MA==,0
LTQ4NTMzMDA2NTM3ODAyNDUyOTI=,7
LTY4MzQ5NzgyNDcxMTk3NDQxMDA=,3
Njc0NDgzMDI4OTY2OTg5MjQ5OQ==,10
LTEzNTM3NzQ0Njc2ODU5ODY2NDg=,10
LTMxOTczNzMwODczMDgwMDA1NDI=,3
MzI0MTI1NDg5MTc4Njk4NTY4NQ==,2
MzQ0NzEzMTA1OTM0NzEyODcwOQ==,0
LTg3NDY3OTY4OTYzNDAwOTcyMjM=,3
MzM0NDA3ODczOTU3Njg2MTc3MA==,13
LTU3NjA3NTE3MDc5MDc5ODQ2Nzg=,8
NDE4NjUwODkwMTExMjQ4NjExNQ==,10
NDI4OTE2NjE3MTI4NDg5MzEzNg==,2
LTg5MTMwNTEyNjM2MDc4Nzc1NDc=,10
OTQ5NzI4NzYyMjM4ODU4NjY4,3
LTI0OTcyODk3NjU0NjE4ODMx,8
LTYwODYwODA5NzkwMzYyOTAyNzY=,0
LTU2OTQ3NjYzNDc4NDEyNTQzMjA=,7
LTk1MzAxMzI2MTM3MTEzMzk5OQ==,1
Njc0NTYyMjg0NTg4Njk1MDkzNA==,10
LTczNjYwNDYzNTE3NjMwMDM2MTc=,3
LTI0ODc0Njk4ODYxNjk0OTI2MzQ=,3
LTI4MzYxODk2NDk2MjIwNjU0Nzg=,5
MzA5NzgxMjE1Mjk2NzkwMjQ0NQ==,2
MzY3NjY2NTA3OTQ2MDIyMTExMw==,13
NDIxOTkyMjczNTU2MjQxNDE1Mw==,1
LTM1Mjg4Mjk5MTA4MDE0NTg4NjY=,13
NTM1MzAxNzAzMzIzMjgwMjk2OQ==,11
LTM5MDUxMjc4OTU1NTg4NzU2NTg=,11
Mjg5MzA0OTkyNDI4OTU1NzIzOQ==,4
LTYyNjQ4Nzk1Njk2MDAzMzU4NDM=,0
LTcyNTEzNTQ0MjY1MjEwNjcwOTE=,6
LTc1NzkzNDI3MzM5MjU0MjgzNTA=,8
MzU1ODcxOTgyOTUwNDc4NDc0OA==,6
LTM0MzM1MjE1NzU4MzI5NzY5NTU=,13
LTE4NDkyNjkwNjM3MDgyMTYzNTI=,8
NDE1Mzg2ODc0MDE2NDg1ODg3MA==,13
Mjg3NzMzNjQ5NDUzMzk2NDM5MQ==,2
NzkzNjY3NjU2NTY3OTgyMTI1MQ==,11
LTIxNjk0MDU4NTM0NDQ3NjIyNTQ=,0
LTI1OTI5MTg0Nzg4MTY0NTYy,4
LTQyOTgwNzUwMjYyNjk0NjQwOTQ=,8
LTI1MzM0NzM4NzcyMjY4NTY1MjE=,5
NjQyMTAwMDY4OTk2NzM4ODk3OQ==,1
ODQyNDgxOTU4NTc3ODgwMjg4NQ==,0
ODczMzEwMzAyMzE0NDc2MzE4OQ==,14
LTg3MjA3NTQxMzkwMzQ1OTE5MzY=,3
NzI1MTg5OTQzMTIyNzU1MjY2Ng==,1
OTE2NjQxNzM3OTg4MjE2NDgxOA==,3
LTU1MDc0MzA4NTI3NzkzNzg1Nzk=,8
ODQ2Nzg0NDAyOTIxNzY1ODQ0,6
LTcwNjk1ODM0NzkwNDgxODQ3ODM=,11
Mzc5NjczMDQ3NjYxMzc5ODI0MQ==,2
NjI1MDAzMTgyMjA2Mjg1NzAxNw==,13
ODk3MzIzOTkzMTc3NzM0MTA0MQ==,8
LTIxODI3MDI4MDAwNTYyMzc0MDc=,8
MjcyMTgwNTkyNDgxNTExMjE3MA==,7
ODg2NzkzNjA0OTYyNDkzODA0Nw==,5
NTA1OTEyODIyMDAxODQ5MDE=,8
MzQ1NDU4NDA4NTY3MjQ4NTk1OA==,14
NjM0NzQ4NzY1NDk5NTU2MDIwMg==,10
LTYwNDMwMzc3MTEyNTY3MjA2OTE=,3
LTU1NDUxMTMzNzI3MDEzNTgwMTI=,7
LTUxNTg1Mzk1OTcxOTg1ODIwMDY=,6
NjI1NTE2MDkwNjEzOTY4OTI4OQ==,0
NDA0NDg3OTQxNTM4ODY5NjAwNA==,6
ODI1OTIzNzAzMjgwMzQ3ODU4Mw==,5
ODUxMjk1NDc1MTI3NzE3MTA1Ng==,8
LTQwMTk3OTczNjQzOTc0MzI3Mjg=,8
NTQ3NDU5MjUyNDE0ODk3MTU5,11
NjE5NzA5NTc0MjQxNDEwODc3NA==,11
NjQ5NDEyODU2MTk4MjI3NjI5,13
LTU0NDI2NzgwMTAzNjk3NTEyMDA=,10
NDg4MTcwMzQ3Njc1NjQyOTA2OQ==,5
MTg5NDA0MjkxMDEwNDA3NzYyMQ==,13
NDE0OTM1OTk0NDU0MzQzOTAwNA==,2
LTE4OTU2OTA0MjM0MDE1NzI2ODY=,3
LTkxMzYxNDAzNTM0MDIxMTY0MjQ=,6
LTQzNjI4OTg3MDAyNzUwNTE3MzA=,1
ODExOTU2MDk1Njc4OTgwNTg4NA==,13
LTczOTQ3NjMwMDYwNzgyNjI2OTg=,0
NTkzOTMzMDgyODY3OTAyMDAxNQ==,11
LTQzNzc4MzQ1OTgyMDE2NjM5NDU=,1
LTIxNTk2MzQ4ODEyMDAyODI1Mg==,4
LTUxODU5NjU4MzgyOTU1MDkwMzg=,6
MTUxNDEwNTM1MTQzNzQ4NTk0MA==,8
LTQ4ODk4MjE1NDgwNjQxMjA1MjE=,10
LTE0NDE4MDI5NDUwMjMwNTc3ODg=,5
LTgzMjMyODEzMzY4MjI2MDkzNjI=,6
LTM5ODQ2MDg1ODE4ODg5NzU4MjU=,11
LTY4MjQ4OTU1NTIzNDA1NjU4OTE=,5
LTEwNzg2MDMyNTQ2MzgxOTA0NjU=,2
LTI4NDgyMzczNjYwMzY2MTkxNDU=,1
LTMzOTY0MTM5MDgzMDg2MjgyMDg=,11
NDU1OTMzODg4MTExMDAwMzM0NA==,6
LTY2NDUwNTM1NjI5MDQ5MTM4Mg==,3
LTU1Mzg2NDY3NzExMzYzMDE0OQ==,13
NDI3MjY0MTEyOTUyMzIzMjYyMQ==,13
LTg5NzY5MjM2NzgzODM5NDI4ODQ=,8
MTI0MzUwNzQwMzcxNzI5MTIyMA==,13
LTYyNDg1MDUwNzMyODc0NTA4NTk=,11
ODk0NzkxNjI5OTc1Mjc1Nzk4Nw==,14
LTc1NzU3NzI3MTAzNzYyNTgzOTg=,11
LTMwMjQ1Mzc0ODM3MDg5NTQ5NTk=,14
LTMwMjg3Mjk0MDgwNjA3MzQzNzA=,12
MTM0NTAzNjQxODkxODc3MzU1NQ==,11
LTgzMTEzNDgxNzYzOTU1NTA0NjQ=,6
ODE1MDk4MDA4Mzc2NDcxMTU0OA==,11
ODA2NDYxOTExNTQ0OTQyNjUyNg==,7
Njg3NTIwNTI5MTkzNzczODg0Mg==,7
LTQwNTUwNTczODQ1MzgxOTE3Mzc=,13
LTM2ODY5NDQ2NTM0Mzc1MzE3Nzg=,0
LTE4NjY4ODc1Mzk5MDcyNzY4ODM=,4
LTE2NjgyNDE2NTI2NDIyMzYwODA=,8
LTUwOTQyNTg3NTA4MTAxNDkyOA==,10
OTAzMzg2NzIyNzkyMjI4MjkwNg==,0
NzQ3NjY2ODEzODIxNTkyNDY3Mw==,8
NzI0NjE5MzI0MjkzNDczODU1Ng==,3
MTcwMDk1MTcwNjQzMzYxNzcwNg==,12
LTc5MzM1MjM4NjE4Nzc1NzQ1NTM=,2
MTcxNjM4MTg3NDExNDQyMDkxMw==,3
LTQyMDMxNDE4NDQ3ODQ5NDYxNDM=,6
LTYzNTA1MjI1MjI2NTg1ODYwNzQ=,8
MzUwNTU4NTk2NTYwNDY4MzU3Ng==,6
LTcyMTA4OTcwODA5Nzg1OTg1MzY=,0
ODU1OTMyOTYzODAyNzIwNDI1NQ==,6
LTkyMDEzNjk5MjkzNTM4ODU1NDM=,4
LTQ2OTg1OTM0MzMxMDI0MzY0NTg=,0
NzY5MzU5Nzg3MjUxMjI1NDg4,3
LTkwNjUwMDI5NjQ3MTU0MzMxNzY=,13
LTUwMTMzODI5MTY5NjYxMDQ3ODM=,2
LTgxNDE0NDcxODE1MTA1MjIwMDk=,6
LTgzOTkzMjcyMzc1ODk2NDUxOTc=,3
MjY5NTkxNjI2NTMxMjM5MDQy,3
MTk5ODE2NDE1ODYxMzAwNTgxMQ==,4
MzY4Nzg5MjkzNjI5ODQ4MTU0Ng==,0
MTQzMzc4NTQzMDA3OTA2ODIwMA==,11
LTQwMzI4MDY2ODQ5ODEwNDQxNDk=,13
LTcyNTIzMzg4NDk2NjMwMjExNTU=,3
LTg0MzEyMzc5NTA0NTMyNDI3NDM=,6
OTk0MDQ1MTgzMjIyMTUwMzA2,12
LTQ0NDQ3NTExMDYwNTI2OTk3NDk=,12
LTE1NzQxODg5MjY2ODk4MDE1MjM=,13
LTYyMjc2OTA0MDAyNzUyMzM0NDg=,7
LTYwOTc3NDc4NTQyNDIzMjgzMTU=,2
NTc5MzEwMzMzMzcyNDYzNTY5OA==,4
LTc5MTM0MTk3MDk4MjYxMDk2OTA=,11
LTYwOTEwNzc4NTI3MTI2NDYxNDU=,2
NjY5OTgxMzUxMjAzMjMwOTMwMw==,0
LTU4NTIxMjc4MDk2NTA2MTA0Mzc=,0
LTg5ODUwNTUyMTkwODQ4NzcyOTQ=,5
LTcwMzA5MjY0MTYxNjQ4NTY4NTU=,6
LTg5OTYyNzkyNzg0MzkyMzY3MDc=,5
NzQ2OTM0ODE4MzkxMzY4Nzc2NA==,2
NzcyOTE1NjY1ODIyODY5NjQ2Nw==,10
LTY1MzYxMDIzODI5NTUyMTg1MTM=,4
LTMxMTQ5NzM3MTEwMDg2ODI3NA==,10
LTM3MzE0ODM1OTE4NDI0MjI3NDk=,5
LTEyMDI5MzMwNzQzOTMxMjQxMzg=,6
LTE1NTc0MjE2MDk1NzczNjY0ODY=,10
NDQyODM5OTcwOTAxNzgwMzM2,0
NzIwNzg0MDg1ODI5ODg3OTM3NA==,13
MTgxMzcwNjYxMjczMTg3NDkzMw==,5
LTU0NDI3Njc2NDE2NTU2OTc4NzI=,8
MTcxMjk4NDMyNzc1OTQxMzMzMQ==,10
LTQ5MzUwNzU0NzE3MDI0ODg2MDQ=,3
LTgwODM3NTM0MzQ4NTMyNDIxMjg=,6
LTkxNTgzMDcwMjA2OTc0NDA1NzU=,10
NDAyNzU2MTU0MDY3NDM4Njk1Mg==,11
LTIyNDgwNDYxNTc0ODY4Nzg5Mw==,5
MTY2MDcyNzYyNDA4MzI0MjI3NQ==,10
NzAyMTIyMjc5OTA4MzAxODk5OA==,12
NzAxMjUzNzc0ODM3NzgwMjYyMA==,2
NjY4MDM4NDc2OTk4NTA2NTQyNA==,13
NTI3MjkyNDMwNjMzMDgxMzQzNw==,5
NzMyNjkzMzgwMjcwNTczMjc1NA==,7
MzI2MTEyMTkzODU1MjEzNTQyMA==,4
LTM1NzMyNTY5OTAyNTczMzU5Mjk=,6
OTIwNzUzMDEwMjQ3NDQyMzIwMw==,13
LTU0NjQxOTE3MjY5NTg2NzYyODg=,13
ODE5NzIzNjk4MTI2NzY1NDc1Nw==,10
ODI3ODU5MjM4MTQ3MjQzODczNQ==,2
OTA1OTU1ODUxMTE0MDM4MjMyNA==,10
MTYwMzE5NzU5NTM4NjgxNTkzNw==,3
MTM5MzAyNTM1NDgwNTc5ODU=,1
OTExNzY4MjkwMTE2Nzc2NjU0Ng==,10
Njk2NDA1NDQ3Mjc2NjU2NTc5,2
NTc5MzUzMDE5MzE3NjQ4OTM0Mw==,4
NzkyMjEzNDAzMjMzNDM4ODMwMg==,8
LTQxODUyNDE5Njc1ODg0NTYwNjE=,8
MTczODk5NzI2MDk2ODIxOTQyMA==,8
LTEzNDkwMTE2NTkzMjU4NTc0Mzk=,3
LTUxNzU1NjM2MjE3MzQ4Mjk5MjU=,8
NTcxNjM3MTUxMTUzNjM0MjYzOA==,12
LTI1NjA5NTAxNzExNTQwNTc4MTM=,8
NzUwNDY0MzczNDUxOTU1MDUx,8
Njc3ODYzNjY2NjMyODQwMTQ5OA==,0
LTY2NDc5MTc0MTQ0NDk2NDY5Nw==,8
NjY0MjYxMjMxNzE4MDUyMjA2OQ==,13
LTYzMTc1NjU1NzAyMzM5OTUyNzg=,13
LTI2NjYzMTM5MjA2MjAwMjA2MzY=,4
Mzk0NDk2NjM5Mzk3NjM5MjE2OA==,11
LTI3NTY5MjUwMjg5MDgyNzM0MQ==,6
ODM4MDU5OTYxMjgzMzAzMTMyMQ==,6
Nzg3OTI0OTE5NjI1MjMwNDAyMA==,2
LTc4MjMyNTc0NTc0NTE1OTQ4MjM=,11
LTM1OTE3MzQ2MDU3MjQwMDk3MzU=,6
MzUzMjEyOTk5NjE1MDY0Mjk4Mg==,10
LTg1NTUwMjM3OTAwNDI4NjE0NTk=,5
LTcxMjc5ODIwNTM0MDczMTg0NjM=,7
Mzc2ODI5MTYyNzY5MjY5ODI1MA==,7
MTk1NDIzMzQwMzIzMzU2MDU2Nw==,3
NzY1MzkxNDM5MzQwODgwNTc0NA==,13
NTE5MDI1NTc2NjQwODQ4NzA4NA==,10
MzAzOTc2OTc4MTEyOTc3ODEwNg==,4
MjE1NjUwNDc5NTAzMDkxNzEwNQ==,13
MzYzMjk0NTAzMjY3OTQ3ODc0MA==,8
MzQ2NzI5NDcwMzk4MzExMDI3OQ==,7
MjY2MzA3MDU1ODE1MTg5MjI3Nw==,12
LTg3NzQ1MDg5Mjc5NTExMTYwMjc=,3
ODI1Mjk2MzM2Mjc5NTk3MTEyOA==,5
MTg3NDU5NjI2MDE0OTc4Nzc4NA==,1
LTIyMTE0OTc2NDE1MzA3NzA3MDE=,2
LTgwMDM1Nzc3OTg1NDU4NDI1NjM=,13
LTM4NzgzMDcwNDAyNDE1NDIy,6
MjUwOTA5NDQzNTMzNzg2MDgzNQ==,0
LTIzMDQzNTQzNzI3Mzg0Mzk0MzE=,11
ODA2NDY0MDg3NzcyNDcyNjc1NQ==,11
LTI5MjA0NzI5MjIzNzA2NTA1Mzk=,3
LTcxMDc1MDk1Mzk3MTIzNzMzNA==,1
NzMwMTQwNjE1Mzk2ODM4MDgyNA==,7
LTYzNjUzODMwNzE0MzI2NTczMTI=,5
NTA5OTkwMzIzNDQ4MzEzMzEwNg==,13
LTIxOTgxNDg2NzQ5ODMzOTAxMDU=,10
MTExOTAxMTczMDkzODc3NDE5OQ==,10
NzI5NjkwOTAwNDYxOTU3MDg2OQ==,3
ODYyODAyODc0MTI2MDE3ODAyMw==,10
NjI1MDQ3ODk0ODc3MzM4MjYzNA==,12
Nzg3NzEzNzA5MDUzMTc2NjkwOA==,5
Mzc0MDgxNDg2OTQ0ODk3Mzc2Mw==,6
NzE1MjQyMTMwMTAwOTg3MzE5MA==,2
Mzc3NjMyMDE0MjczNDg0NzUxNA==,13
NDQ5MjEzNjE3ODA0ODgyNTg4MA==,10
MjIxODE0MzQwNjIzOTExMDM3Mg==,14
LTE1MTAzMDU4NDQzOTkzNjE1NTM=,8
MzYyMDYwNjc3NTYyMzIyMzIyMA==,3
MjQ1NTc4MDY3ODU4NDE4MDI2Mg==,5
LTQ3NDAxNDYyNzI5NDgxNzk1MjE=,5
LTU3NDI4MzI0MDU3ODU3NzM4NTU=,5
LTcyMTU0NDkyNDk2MTQ3ODM1Njk=,7
MzY5OTk2MzU3NDA3MjczNjE=,10
LTM1NzQ2NTg2ODc2MzQ3MDQ2MjE=,3
Nzk0NzA0MjYxMTg3NDkxNjQ4OQ==,6
LTMzMjA0NjkyNzYwMDQ0NDUyNzY=,1
LTQxNDgxNjU0MzY3OTQzNzIzMTc=,6
NjQyMjk5MDM5OTgwNzY2NDU1MQ==,14
LTk2NzY1NzIyNTY3MzIxMDkyOA==,6
